LUID,Date,Latitude,Longitude,Floor,BuildingID,Time
1693c816aabec8cf188172bf3b81a9ea16ea8d8558d9db39243a95aa176273e3,2018-02-09,38.991715338701724,-76.94267575842309,6,96,17:00:10
1693c816aabec8cf188172bf3b81a9ea16ea8d8558d9db39243a95aa176273e3,2018-02-09,38.991715338701724,-76.94267575842309,6,96,17:00:27
1693c816aabec8cf188172bf3b81a9ea16ea8d8558d9db39243a95aa176273e3,2018-02-09,38.99175096659725,-76.94285589324214,6,96,17:00:41
1693c816aabec8cf188172bf3b81a9ea16ea8d8558d9db39243a95aa176273e3,2018-02-09,38.99175096659725,-76.94285589324214,6,96,17:00:59
1693c816aabec8cf188172bf3b81a9ea16ea8d8558d9db39243a95aa176273e3,2018-02-09,38.99175096659725,-76.94285589324214,6,96,17:01:12
1693c816aabec8cf188172bf3b81a9ea16ea8d8558d9db39243a95aa176273e3,2018-02-09,38.99175096659725,-76.94285589324214,6,96,17:01:42
1693c816aabec8cf188172bf3b81a9ea16ea8d8558d9db39243a95aa176273e3,2018-02-09,38.99175096659725,-76.94285589324214,6,96,17:01:55
1693c816aabec8cf188172bf3b81a9ea16ea8d8558d9db39243a95aa176273e3,2018-02-09,38.99166691895546,-76.9426960755064,3,96,17:02:13
1693c816aabec8cf188172bf3b81a9ea16ea8d8558d9db39243a95aa176273e3,2018-02-09,38.99166691895546,-76.9426960755064,3,96,17:02:26
1693c816aabec8cf188172bf3b81a9ea16ea8d8558d9db39243a95aa176273e3,2018-02-09,38.99166691895546,-76.9426960755064,3,96,17:02:44
1693c816aabec8cf188172bf3b81a9ea16ea8d8558d9db39243a95aa176273e3,2018-02-09,38.99166691895546,-76.9426960755064,3,96,17:02:56
1693c816aabec8cf188172bf3b81a9ea16ea8d8558d9db39243a95aa176273e3,2018-02-09,38.99166703030966,-76.9426963306988,3,96,17:03:15
1693c816aabec8cf188172bf3b81a9ea16ea8d8558d9db39243a95aa176273e3,2018-02-09,38.99166703030966,-76.9426963306988,3,96,17:03:48
1693c816aabec8cf188172bf3b81a9ea16ea8d8558d9db39243a95aa176273e3,2018-02-09,38.99166703030966,-76.9426963306988,3,96,17:03:55
1693c816aabec8cf188172bf3b81a9ea16ea8d8558d9db39243a95aa176273e3,2018-02-09,38.99166703030966,-76.9426963306988,3,96,17:04:19
1693c816aabec8cf188172bf3b81a9ea16ea8d8558d9db39243a95aa176273e3,2018-02-09,38.991686981116,-76.94269200750173,3,96,17:04:49
1693c816aabec8cf188172bf3b81a9ea16ea8d8558d9db39243a95aa176273e3,2018-02-09,38.991686981116,-76.94269200750173,3,96,17:04:58
1693c816aabec8cf188172bf3b81a9ea16ea8d8558d9db39243a95aa176273e3,2018-02-09,38.991686981116,-76.94269200750173,3,96,17:05:20
1693c816aabec8cf188172bf3b81a9ea16ea8d8558d9db39243a95aa176273e3,2018-02-09,38.991686981116,-76.94269200750173,3,96,17:05:29
1693c816aabec8cf188172bf3b81a9ea16ea8d8558d9db39243a95aa176273e3,2018-02-09,38.99166703030966,-76.9426963306988,3,96,17:05:51
1693c816aabec8cf188172bf3b81a9ea16ea8d8558d9db39243a95aa176273e3,2018-02-09,38.99166703030966,-76.9426963306988,3,96,17:06:21
1693c816aabec8cf188172bf3b81a9ea16ea8d8558d9db39243a95aa176273e3,2018-02-09,38.99166703030966,-76.9426963306988,3,96,17:06:26
1693c816aabec8cf188172bf3b81a9ea16ea8d8558d9db39243a95aa176273e3,2018-02-09,38.99166703030966,-76.9426963306988,3,96,17:06:53
1693c816aabec8cf188172bf3b81a9ea16ea8d8558d9db39243a95aa176273e3,2018-02-09,38.991711128891396,-76.9426725745138,3,96,17:06:59
1693c816aabec8cf188172bf3b81a9ea16ea8d8558d9db39243a95aa176273e3,2018-02-09,38.99166703030966,-76.9426963306988,3,96,17:07:23
1693c816aabec8cf188172bf3b81a9ea16ea8d8558d9db39243a95aa176273e3,2018-02-09,38.99166703030966,-76.9426963306988,3,96,17:07:53
1693c816aabec8cf188172bf3b81a9ea16ea8d8558d9db39243a95aa176273e3,2018-02-09,38.99166703030966,-76.9426963306988,3,96,17:08:00
1693c816aabec8cf188172bf3b81a9ea16ea8d8558d9db39243a95aa176273e3,2018-02-09,38.99166703030966,-76.9426963306988,3,96,17:08:23
1693c816aabec8cf188172bf3b81a9ea16ea8d8558d9db39243a95aa176273e3,2018-02-09,38.99166703030966,-76.9426963306988,3,96,17:08:54
1693c816aabec8cf188172bf3b81a9ea16ea8d8558d9db39243a95aa176273e3,2018-02-09,38.99166703030966,-76.9426963306988,3,96,17:08:59
1693c816aabec8cf188172bf3b81a9ea16ea8d8558d9db39243a95aa176273e3,2018-02-09,38.99166703030966,-76.9426963306988,3,96,17:09:24
1693c816aabec8cf188172bf3b81a9ea16ea8d8558d9db39243a95aa176273e3,2018-02-09,38.99166703030966,-76.9426963306988,3,96,17:09:31
1693c816aabec8cf188172bf3b81a9ea16ea8d8558d9db39243a95aa176273e3,2018-02-09,38.99166703030966,-76.9426963306988,3,96,17:09:55
1693c816aabec8cf188172bf3b81a9ea16ea8d8558d9db39243a95aa176273e3,2018-02-09,38.99166703030966,-76.9426963306988,3,96,17:10:26
1693c816aabec8cf188172bf3b81a9ea16ea8d8558d9db39243a95aa176273e3,2018-02-09,38.99166703030966,-76.9426963306988,3,96,17:10:56
1693c816aabec8cf188172bf3b81a9ea16ea8d8558d9db39243a95aa176273e3,2018-02-09,38.99166703030966,-76.9426963306988,3,96,17:11:10
1693c816aabec8cf188172bf3b81a9ea16ea8d8558d9db39243a95aa176273e3,2018-02-09,38.99166703030966,-76.9426963306988,3,96,17:11:26
1693c816aabec8cf188172bf3b81a9ea16ea8d8558d9db39243a95aa176273e3,2018-02-09,38.99166703030966,-76.9426963306988,3,96,17:11:46
1693c816aabec8cf188172bf3b81a9ea16ea8d8558d9db39243a95aa176273e3,2018-02-09,38.99166703030966,-76.9426963306988,3,96,17:12:17
1693c816aabec8cf188172bf3b81a9ea16ea8d8558d9db39243a95aa176273e3,2018-02-09,38.99166703030966,-76.9426963306988,3,96,17:12:27
1693c816aabec8cf188172bf3b81a9ea16ea8d8558d9db39243a95aa176273e3,2018-02-09,38.99166703030966,-76.9426963306988,3,96,17:12:53
1693c816aabec8cf188172bf3b81a9ea16ea8d8558d9db39243a95aa176273e3,2018-02-09,38.99166703030966,-76.9426963306988,3,96,17:13:00
1693c816aabec8cf188172bf3b81a9ea16ea8d8558d9db39243a95aa176273e3,2018-02-09,38.99166703030966,-76.9426963306988,3,96,17:13:50
1693c816aabec8cf188172bf3b81a9ea16ea8d8558d9db39243a95aa176273e3,2018-02-09,38.99166703030966,-76.9426963306988,4,96,17:14:01
1693c816aabec8cf188172bf3b81a9ea16ea8d8558d9db39243a95aa176273e3,2018-02-09,38.99166703030966,-76.9426963306988,4,96,17:14:23
1693c816aabec8cf188172bf3b81a9ea16ea8d8558d9db39243a95aa176273e3,2018-02-09,38.99166703030966,-76.9426963306988,4,96,17:14:31
1693c816aabec8cf188172bf3b81a9ea16ea8d8558d9db39243a95aa176273e3,2018-02-09,38.99166703030966,-76.9426963306988,4,96,17:15:01
1693c816aabec8cf188172bf3b81a9ea16ea8d8558d9db39243a95aa176273e3,2018-02-09,38.99166703030966,-76.9426963306988,4,96,17:15:18
1693c816aabec8cf188172bf3b81a9ea16ea8d8558d9db39243a95aa176273e3,2018-02-09,38.99166703030966,-76.9426963306988,4,96,17:15:31
1693c816aabec8cf188172bf3b81a9ea16ea8d8558d9db39243a95aa176273e3,2018-02-09,38.99166703030966,-76.9426963306988,4,96,17:16:02
1693c816aabec8cf188172bf3b81a9ea16ea8d8558d9db39243a95aa176273e3,2018-02-09,38.99166703030966,-76.9426963306988,4,96,17:16:18
1693c816aabec8cf188172bf3b81a9ea16ea8d8558d9db39243a95aa176273e3,2018-02-09,38.991715338701724,-76.94267575842309,4,96,17:16:32
1693c816aabec8cf188172bf3b81a9ea16ea8d8558d9db39243a95aa176273e3,2018-02-09,38.991715338701724,-76.94267575842309,4,96,17:17:20
1693c816aabec8cf188172bf3b81a9ea16ea8d8558d9db39243a95aa176273e3,2018-02-09,38.99171089331825,-76.94267588423065,4,96,17:17:38
1693c816aabec8cf188172bf3b81a9ea16ea8d8558d9db39243a95aa176273e3,2018-02-09,38.99171089331825,-76.94267588423065,4,96,17:18:05
1693c816aabec8cf188172bf3b81a9ea16ea8d8558d9db39243a95aa176273e3,2018-02-09,38.99170698167005,-76.94268802085145,4,96,17:18:16
1693c816aabec8cf188172bf3b81a9ea16ea8d8558d9db39243a95aa176273e3,2018-02-09,38.99170698167005,-76.94268802085145,4,96,17:18:36
1693c816aabec8cf188172bf3b81a9ea16ea8d8558d9db39243a95aa176273e3,2018-02-09,38.99170698167005,-76.94268802085145,4,96,17:18:53
1693c816aabec8cf188172bf3b81a9ea16ea8d8558d9db39243a95aa176273e3,2018-02-09,38.99170698167005,-76.94268802085145,4,96,17:19:08
1693c816aabec8cf188172bf3b81a9ea16ea8d8558d9db39243a95aa176273e3,2018-02-09,38.99170698167005,-76.94268802085145,4,96,17:19:38
1693c816aabec8cf188172bf3b81a9ea16ea8d8558d9db39243a95aa176273e3,2018-02-09,38.99170698167005,-76.94268802085145,4,96,17:19:56
1693c816aabec8cf188172bf3b81a9ea16ea8d8558d9db39243a95aa176273e3,2018-02-09,38.991683050223216,-76.94271223583847,4,96,17:20:09
1693c816aabec8cf188172bf3b81a9ea16ea8d8558d9db39243a95aa176273e3,2018-02-09,38.991726972925626,-76.9428160391547,4,96,17:20:29
1693c816aabec8cf188172bf3b81a9ea16ea8d8558d9db39243a95aa176273e3,2018-02-09,38.991726972925626,-76.9428160391547,4,96,17:20:39
1693c816aabec8cf188172bf3b81a9ea16ea8d8558d9db39243a95aa176273e3,2018-02-09,38.991726972925626,-76.9428160391547,4,96,17:21:10
1693c816aabec8cf188172bf3b81a9ea16ea8d8558d9db39243a95aa176273e3,2018-02-09,38.991726972925626,-76.9428160391547,4,96,17:21:18
1693c816aabec8cf188172bf3b81a9ea16ea8d8558d9db39243a95aa176273e3,2018-02-09,38.99174509,-76.94289789,0,96,17:21:41
1693c816aabec8cf188172bf3b81a9ea16ea8d8558d9db39243a95aa176273e3,2018-02-09,38.99174509,-76.94289789,0,96,17:21:48
1693c816aabec8cf188172bf3b81a9ea16ea8d8558d9db39243a95aa176273e3,2018-02-09,38.99174509,-76.94289789,0,96,17:22:12
1693c816aabec8cf188172bf3b81a9ea16ea8d8558d9db39243a95aa176273e3,2018-02-09,38.99174509,-76.94289789,0,96,17:22:23
1693c816aabec8cf188172bf3b81a9ea16ea8d8558d9db39243a95aa176273e3,2018-02-09,38.99174509,-76.94289789,0,96,17:22:42
1693c816aabec8cf188172bf3b81a9ea16ea8d8558d9db39243a95aa176273e3,2018-02-09,38.991726972925626,-76.9428160391547,4,96,17:23:13
1693c816aabec8cf188172bf3b81a9ea16ea8d8558d9db39243a95aa176273e3,2018-02-09,38.991726972925626,-76.9428160391547,4,96,17:23:19
1693c816aabec8cf188172bf3b81a9ea16ea8d8558d9db39243a95aa176273e3,2018-02-09,38.991726972925626,-76.9428160391547,4,96,17:23:43
1693c816aabec8cf188172bf3b81a9ea16ea8d8558d9db39243a95aa176273e3,2018-02-09,38.991726972925626,-76.9428160391547,4,96,17:24:13
1693c816aabec8cf188172bf3b81a9ea16ea8d8558d9db39243a95aa176273e3,2018-02-09,38.991726972925626,-76.9428160391547,4,96,17:24:20
1693c816aabec8cf188172bf3b81a9ea16ea8d8558d9db39243a95aa176273e3,2018-02-09,38.991726972925626,-76.9428160391547,4,96,17:24:43
1693c816aabec8cf188172bf3b81a9ea16ea8d8558d9db39243a95aa176273e3,2018-02-09,38.991726972925626,-76.9428160391547,3,96,17:25:15
1693c816aabec8cf188172bf3b81a9ea16ea8d8558d9db39243a95aa176273e3,2018-02-09,38.991726972925626,-76.9428160391547,3,96,17:25:19
1693c816aabec8cf188172bf3b81a9ea16ea8d8558d9db39243a95aa176273e3,2018-02-09,38.991726972925626,-76.9428160391547,3,96,17:25:45
1693c816aabec8cf188172bf3b81a9ea16ea8d8558d9db39243a95aa176273e3,2018-02-09,38.991726972925626,-76.9428160391547,3,96,17:26:15
1693c816aabec8cf188172bf3b81a9ea16ea8d8558d9db39243a95aa176273e3,2018-02-09,38.991726972925626,-76.9428160391547,3,96,17:26:17
1693c816aabec8cf188172bf3b81a9ea16ea8d8558d9db39243a95aa176273e3,2018-02-09,38.991726972925626,-76.9428160391547,3,96,17:26:45
1693c816aabec8cf188172bf3b81a9ea16ea8d8558d9db39243a95aa176273e3,2018-02-09,38.991726972925626,-76.9428160391547,3,96,17:27:15
1693c816aabec8cf188172bf3b81a9ea16ea8d8558d9db39243a95aa176273e3,2018-02-09,38.991726972925626,-76.9428160391547,3,96,17:27:22
1693c816aabec8cf188172bf3b81a9ea16ea8d8558d9db39243a95aa176273e3,2018-02-09,38.99166703030966,-76.9426963306988,3,96,17:27:45
1693c816aabec8cf188172bf3b81a9ea16ea8d8558d9db39243a95aa176273e3,2018-02-09,38.99166703030966,-76.9426963306988,3,96,17:27:55
1693c816aabec8cf188172bf3b81a9ea16ea8d8558d9db39243a95aa176273e3,2018-02-09,38.99166703030966,-76.9426963306988,3,96,17:28:17
1693c816aabec8cf188172bf3b81a9ea16ea8d8558d9db39243a95aa176273e3,2018-02-09,38.99166703030966,-76.9426963306988,3,96,17:28:29
1693c816aabec8cf188172bf3b81a9ea16ea8d8558d9db39243a95aa176273e3,2018-02-09,38.99166703030966,-76.9426963306988,3,96,17:28:47
1693c816aabec8cf188172bf3b81a9ea16ea8d8558d9db39243a95aa176273e3,2018-02-09,38.99166703030966,-76.9426963306988,3,96,17:29:17
1693c816aabec8cf188172bf3b81a9ea16ea8d8558d9db39243a95aa176273e3,2018-02-09,38.99166703030966,-76.9426963306988,3,96,17:29:21
1693c816aabec8cf188172bf3b81a9ea16ea8d8558d9db39243a95aa176273e3,2018-02-09,38.99166703030966,-76.9426963306988,3,96,17:29:47
1693c816aabec8cf188172bf3b81a9ea16ea8d8558d9db39243a95aa176273e3,2018-02-09,38.99166703030966,-76.9426963306988,3,96,17:30:17
1693c816aabec8cf188172bf3b81a9ea16ea8d8558d9db39243a95aa176273e3,2018-02-09,38.99166703030966,-76.9426963306988,3,96,17:30:20
1693c816aabec8cf188172bf3b81a9ea16ea8d8558d9db39243a95aa176273e3,2018-02-09,38.99166703030966,-76.9426963306988,3,96,17:30:47
1693c816aabec8cf188172bf3b81a9ea16ea8d8558d9db39243a95aa176273e3,2018-02-09,38.99166703030966,-76.9426963306988,3,96,17:31:16
1693c816aabec8cf188172bf3b81a9ea16ea8d8558d9db39243a95aa176273e3,2018-02-09,38.99166703030966,-76.9426963306988,3,96,17:31:18
1693c816aabec8cf188172bf3b81a9ea16ea8d8558d9db39243a95aa176273e3,2018-02-09,38.991726972925626,-76.9428160391547,3,96,17:31:46
1693c816aabec8cf188172bf3b81a9ea16ea8d8558d9db39243a95aa176273e3,2018-02-09,38.991726972925626,-76.9428160391547,3,96,17:31:48
1693c816aabec8cf188172bf3b81a9ea16ea8d8558d9db39243a95aa176273e3,2018-02-09,38.991726972925626,-76.9428160391547,3,96,17:32:18
1693c816aabec8cf188172bf3b81a9ea16ea8d8558d9db39243a95aa176273e3,2018-02-09,38.991726972925626,-76.9428160391547,3,96,17:32:19
1693c816aabec8cf188172bf3b81a9ea16ea8d8558d9db39243a95aa176273e3,2018-02-09,38.991726972925626,-76.9428160391547,3,96,17:32:48
1693c816aabec8cf188172bf3b81a9ea16ea8d8558d9db39243a95aa176273e3,2018-02-09,38.991726972925626,-76.9428160391547,3,96,17:32:51
1693c816aabec8cf188172bf3b81a9ea16ea8d8558d9db39243a95aa176273e3,2018-02-09,38.991686981116,-76.94269200750173,3,96,17:33:18
1693c816aabec8cf188172bf3b81a9ea16ea8d8558d9db39243a95aa176273e3,2018-02-09,38.99170700503184,-76.94276404843774,3,96,17:33:26
1693c816aabec8cf188172bf3b81a9ea16ea8d8558d9db39243a95aa176273e3,2018-02-09,38.991686981116,-76.94269200750173,3,96,17:33:48
1693c816aabec8cf188172bf3b81a9ea16ea8d8558d9db39243a95aa176273e3,2018-02-09,38.991686981116,-76.94269200750173,3,96,17:34:19
1693c816aabec8cf188172bf3b81a9ea16ea8d8558d9db39243a95aa176273e3,2018-02-09,38.99166703030966,-76.9426963306988,3,96,17:34:19
1693c816aabec8cf188172bf3b81a9ea16ea8d8558d9db39243a95aa176273e3,2018-02-09,38.99166703030966,-76.9426963306988,3,96,17:34:49
1693c816aabec8cf188172bf3b81a9ea16ea8d8558d9db39243a95aa176273e3,2018-02-09,38.99166703030966,-76.9426963306988,3,96,17:35:20
1693c816aabec8cf188172bf3b81a9ea16ea8d8558d9db39243a95aa176273e3,2018-02-09,38.99166703030966,-76.9426963306988,3,96,17:35:23
1693c816aabec8cf188172bf3b81a9ea16ea8d8558d9db39243a95aa176273e3,2018-02-09,38.99166703030966,-76.9426963306988,3,96,17:35:50
1693c816aabec8cf188172bf3b81a9ea16ea8d8558d9db39243a95aa176273e3,2018-02-09,38.99166703030966,-76.9426963306988,3,96,17:36:20
1693c816aabec8cf188172bf3b81a9ea16ea8d8558d9db39243a95aa176273e3,2018-02-09,38.99166703030966,-76.9426963306988,3,96,17:36:20
1693c816aabec8cf188172bf3b81a9ea16ea8d8558d9db39243a95aa176273e3,2018-02-09,38.99166703030966,-76.9426963306988,3,96,17:36:50
1693c816aabec8cf188172bf3b81a9ea16ea8d8558d9db39243a95aa176273e3,2018-02-09,38.99166703030966,-76.9426963306988,3,96,17:36:52
1693c816aabec8cf188172bf3b81a9ea16ea8d8558d9db39243a95aa176273e3,2018-02-09,38.99166703030966,-76.9426963306988,3,96,17:37:21
1693c816aabec8cf188172bf3b81a9ea16ea8d8558d9db39243a95aa176273e3,2018-02-09,38.991726972925626,-76.9428160391547,3,96,17:37:22
1693c816aabec8cf188172bf3b81a9ea16ea8d8558d9db39243a95aa176273e3,2018-02-09,38.991686981116,-76.94269200750173,3,96,17:37:51
1693c816aabec8cf188172bf3b81a9ea16ea8d8558d9db39243a95aa176273e3,2018-02-09,38.991686981116,-76.94269200750173,3,96,17:38:21
1693c816aabec8cf188172bf3b81a9ea16ea8d8558d9db39243a95aa176273e3,2018-02-09,38.991686981116,-76.94269200750173,3,96,17:38:25
1693c816aabec8cf188172bf3b81a9ea16ea8d8558d9db39243a95aa176273e3,2018-02-09,38.991686981116,-76.94269200750173,3,96,17:38:51
1693c816aabec8cf188172bf3b81a9ea16ea8d8558d9db39243a95aa176273e3,2018-02-09,38.991686981116,-76.94269200750173,3,96,17:39:21
1693c816aabec8cf188172bf3b81a9ea16ea8d8558d9db39243a95aa176273e3,2018-02-09,38.991686981116,-76.94269200750173,3,96,17:39:27
1693c816aabec8cf188172bf3b81a9ea16ea8d8558d9db39243a95aa176273e3,2018-02-09,38.991686981116,-76.94269200750173,3,96,17:39:51
1693c816aabec8cf188172bf3b81a9ea16ea8d8558d9db39243a95aa176273e3,2018-02-09,38.991726972925626,-76.9428160391547,3,96,17:40:09
1693c816aabec8cf188172bf3b81a9ea16ea8d8558d9db39243a95aa176273e3,2018-02-09,38.991726972925626,-76.9428160391547,3,96,17:40:22
1693c816aabec8cf188172bf3b81a9ea16ea8d8558d9db39243a95aa176273e3,2018-02-09,38.991726972925626,-76.9428160391547,3,96,17:40:52
1693c816aabec8cf188172bf3b81a9ea16ea8d8558d9db39243a95aa176273e3,2018-02-09,38.991726972925626,-76.9428160391547,3,96,17:40:57
1693c816aabec8cf188172bf3b81a9ea16ea8d8558d9db39243a95aa176273e3,2018-02-09,38.991726972925626,-76.9428160391547,3,96,17:41:22
1693c816aabec8cf188172bf3b81a9ea16ea8d8558d9db39243a95aa176273e3,2018-02-09,38.991726972925626,-76.9428160391547,3,96,17:41:52
1693c816aabec8cf188172bf3b81a9ea16ea8d8558d9db39243a95aa176273e3,2018-02-09,38.991726972925626,-76.9428160391547,3,96,17:41:56
1693c816aabec8cf188172bf3b81a9ea16ea8d8558d9db39243a95aa176273e3,2018-02-09,38.99166703030966,-76.9426963306988,4,96,17:42:30
1693c816aabec8cf188172bf3b81a9ea16ea8d8558d9db39243a95aa176273e3,2018-02-09,38.99166703030966,-76.9426963306988,4,96,17:42:52
1693c816aabec8cf188172bf3b81a9ea16ea8d8558d9db39243a95aa176273e3,2018-02-09,38.99166703030966,-76.9426963306988,4,96,17:43:23
1693c816aabec8cf188172bf3b81a9ea16ea8d8558d9db39243a95aa176273e3,2018-02-09,38.99166703030966,-76.9426963306988,4,96,17:43:26
1693c816aabec8cf188172bf3b81a9ea16ea8d8558d9db39243a95aa176273e3,2018-02-09,38.99166703030966,-76.9426963306988,4,96,17:43:53
1693c816aabec8cf188172bf3b81a9ea16ea8d8558d9db39243a95aa176273e3,2018-02-09,38.99166703030966,-76.9426963306988,4,96,17:43:58
1693c816aabec8cf188172bf3b81a9ea16ea8d8558d9db39243a95aa176273e3,2018-02-09,38.99166703030966,-76.9426963306988,4,96,17:44:23
1693c816aabec8cf188172bf3b81a9ea16ea8d8558d9db39243a95aa176273e3,2018-02-09,38.991686981116,-76.94269200750173,4,96,17:44:52
1693c816aabec8cf188172bf3b81a9ea16ea8d8558d9db39243a95aa176273e3,2018-02-09,38.991686981116,-76.94269200750173,4,96,17:44:53
1693c816aabec8cf188172bf3b81a9ea16ea8d8558d9db39243a95aa176273e3,2018-02-09,38.991686981116,-76.94269200750173,4,96,17:45:23
1693c816aabec8cf188172bf3b81a9ea16ea8d8558d9db39243a95aa176273e3,2018-02-09,38.991686981116,-76.94269200750173,4,96,17:45:46
1693c816aabec8cf188172bf3b81a9ea16ea8d8558d9db39243a95aa176273e3,2018-02-09,38.991686981116,-76.94269200750173,4,96,17:45:56
1693c816aabec8cf188172bf3b81a9ea16ea8d8558d9db39243a95aa176273e3,2018-02-09,38.99170700503184,-76.94276404843774,4,96,17:46:17
1693c816aabec8cf188172bf3b81a9ea16ea8d8558d9db39243a95aa176273e3,2018-02-09,38.99171076467432,-76.94267196851236,4,96,17:46:28
1693c816aabec8cf188172bf3b81a9ea16ea8d8558d9db39243a95aa176273e3,2018-02-09,38.99171076467432,-76.94267196851236,4,96,17:46:59
1693c816aabec8cf188172bf3b81a9ea16ea8d8558d9db39243a95aa176273e3,2018-02-09,38.99171076467432,-76.94267196851236,4,96,17:47:16
1693c816aabec8cf188172bf3b81a9ea16ea8d8558d9db39243a95aa176273e3,2018-02-09,38.99171075631679,-76.94268345945802,4,96,17:47:29
1693c816aabec8cf188172bf3b81a9ea16ea8d8558d9db39243a95aa176273e3,2018-02-09,38.99171075631679,-76.94268345945802,4,96,17:48:00
1693c816aabec8cf188172bf3b81a9ea16ea8d8558d9db39243a95aa176273e3,2018-02-09,38.99171075631679,-76.94268345945802,4,96,17:48:16
1693c816aabec8cf188172bf3b81a9ea16ea8d8558d9db39243a95aa176273e3,2018-02-09,38.99171075631679,-76.94268345945802,4,96,17:48:30
1693c816aabec8cf188172bf3b81a9ea16ea8d8558d9db39243a95aa176273e3,2018-02-09,38.991686981116,-76.94269200750173,4,96,17:49:01
1693c816aabec8cf188172bf3b81a9ea16ea8d8558d9db39243a95aa176273e3,2018-02-09,38.991686981116,-76.94269200750173,4,96,17:49:17
1693c816aabec8cf188172bf3b81a9ea16ea8d8558d9db39243a95aa176273e3,2018-02-09,38.99171075631679,-76.94268345945802,4,96,17:49:32
1693c816aabec8cf188172bf3b81a9ea16ea8d8558d9db39243a95aa176273e3,2018-02-09,38.99171076467432,-76.94267196851236,4,96,17:49:49
1693c816aabec8cf188172bf3b81a9ea16ea8d8558d9db39243a95aa176273e3,2018-02-09,38.99171076467432,-76.94267196851236,4,96,17:50:05
1693c816aabec8cf188172bf3b81a9ea16ea8d8558d9db39243a95aa176273e3,2018-02-09,38.99171075631679,-76.94268345945802,4,96,17:50:35
1693c816aabec8cf188172bf3b81a9ea16ea8d8558d9db39243a95aa176273e3,2018-02-09,38.99171075631679,-76.94268345945802,4,96,17:50:49
1693c816aabec8cf188172bf3b81a9ea16ea8d8558d9db39243a95aa176273e3,2018-02-09,38.99171075631679,-76.94268345945802,4,96,17:51:39
1693c816aabec8cf188172bf3b81a9ea16ea8d8558d9db39243a95aa176273e3,2018-02-09,38.99171075631679,-76.94268345945802,4,96,17:51:52
1693c816aabec8cf188172bf3b81a9ea16ea8d8558d9db39243a95aa176273e3,2018-02-09,38.99171075631679,-76.94268345945802,4,96,17:52:12
1693c816aabec8cf188172bf3b81a9ea16ea8d8558d9db39243a95aa176273e3,2018-02-09,38.991686981116,-76.94269200750173,4,96,17:52:25
1693c816aabec8cf188172bf3b81a9ea16ea8d8558d9db39243a95aa176273e3,2018-02-09,38.991686981116,-76.94269200750173,4,96,17:52:42
1693c816aabec8cf188172bf3b81a9ea16ea8d8558d9db39243a95aa176273e3,2018-02-09,38.99171075631679,-76.94268345945802,4,96,17:53:13
1693c816aabec8cf188172bf3b81a9ea16ea8d8558d9db39243a95aa176273e3,2018-02-09,38.99166703030966,-76.9426963306988,3,96,17:53:17
1693c816aabec8cf188172bf3b81a9ea16ea8d8558d9db39243a95aa176273e3,2018-02-09,38.99166703030966,-76.9426963306988,3,96,17:54:16
1693c816aabec8cf188172bf3b81a9ea16ea8d8558d9db39243a95aa176273e3,2018-02-09,38.99166703030966,-76.9426963306988,3,96,17:54:24
1693c816aabec8cf188172bf3b81a9ea16ea8d8558d9db39243a95aa176273e3,2018-02-09,38.99166703030966,-76.9426963306988,3,96,17:54:46
1693c816aabec8cf188172bf3b81a9ea16ea8d8558d9db39243a95aa176273e3,2018-02-09,38.99166691895546,-76.9426960755064,3,96,17:54:55
1693c816aabec8cf188172bf3b81a9ea16ea8d8558d9db39243a95aa176273e3,2018-02-09,38.99166691895546,-76.9426960755064,3,96,17:55:18
1693c816aabec8cf188172bf3b81a9ea16ea8d8558d9db39243a95aa176273e3,2018-02-09,38.99170700503184,-76.94276404843774,3,96,17:55:48
1693c816aabec8cf188172bf3b81a9ea16ea8d8558d9db39243a95aa176273e3,2018-02-09,38.99170700503184,-76.94276404843774,3,96,17:55:55
1693c816aabec8cf188172bf3b81a9ea16ea8d8558d9db39243a95aa176273e3,2018-02-09,38.99166691895546,-76.9426960755064,3,96,17:56:18
1693c816aabec8cf188172bf3b81a9ea16ea8d8558d9db39243a95aa176273e3,2018-02-09,38.99166691895546,-76.9426960755064,3,96,17:56:28
1693c816aabec8cf188172bf3b81a9ea16ea8d8558d9db39243a95aa176273e3,2018-02-09,38.99166691895546,-76.9426960755064,3,96,17:56:48
1693c816aabec8cf188172bf3b81a9ea16ea8d8558d9db39243a95aa176273e3,2018-02-09,38.99166691895546,-76.9426960755064,3,96,17:57:18
1693c816aabec8cf188172bf3b81a9ea16ea8d8558d9db39243a95aa176273e3,2018-02-09,38.99166691895546,-76.9426960755064,3,96,17:57:27
1693c816aabec8cf188172bf3b81a9ea16ea8d8558d9db39243a95aa176273e3,2018-02-09,38.99166691895546,-76.9426960755064,3,96,17:57:48
1693c816aabec8cf188172bf3b81a9ea16ea8d8558d9db39243a95aa176273e3,2018-02-09,38.99176697767275,-76.94263987110705,3,96,17:58:19
1693c816aabec8cf188172bf3b81a9ea16ea8d8558d9db39243a95aa176273e3,2018-02-09,38.99176697767275,-76.94263987110705,3,96,17:58:24
1693c816aabec8cf188172bf3b81a9ea16ea8d8558d9db39243a95aa176273e3,2018-02-09,38.99169095662277,-76.94268783633946,4,96,17:58:49
1693c816aabec8cf188172bf3b81a9ea16ea8d8558d9db39243a95aa176273e3,2018-02-09,38.99169095662277,-76.94268783633946,4,96,17:59:19
1693c816aabec8cf188172bf3b81a9ea16ea8d8558d9db39243a95aa176273e3,2018-02-09,38.99169095662277,-76.94268783633946,4,96,17:59:23
1693c816aabec8cf188172bf3b81a9ea16ea8d8558d9db39243a95aa176273e3,2018-02-09,38.99169095662277,-76.94268783633946,4,96,17:59:49
1492af36de54453fc77dd88b5d7e13e4636d08ef916c1c286be76392c16a8ed3,2018-02-09,38.99232153602164,-76.94211627929063,7,98,17:00:21
1492af36de54453fc77dd88b5d7e13e4636d08ef916c1c286be76392c16a8ed3,2018-02-09,38.99232153602164,-76.94211627929063,7,98,17:00:42
1492af36de54453fc77dd88b5d7e13e4636d08ef916c1c286be76392c16a8ed3,2018-02-09,38.99232153602164,-76.94211627929063,7,98,17:01:43
1492af36de54453fc77dd88b5d7e13e4636d08ef916c1c286be76392c16a8ed3,2018-02-09,38.99232153602164,-76.94211627929063,7,98,17:02:13
1492af36de54453fc77dd88b5d7e13e4636d08ef916c1c286be76392c16a8ed3,2018-02-09,38.99232153602164,-76.94211627929063,7,98,17:02:33
1492af36de54453fc77dd88b5d7e13e4636d08ef916c1c286be76392c16a8ed3,2018-02-09,38.99232153602164,-76.94211627929063,7,98,17:02:44
1492af36de54453fc77dd88b5d7e13e4636d08ef916c1c286be76392c16a8ed3,2018-02-09,38.99232153602164,-76.94211627929063,7,98,17:03:13
1492af36de54453fc77dd88b5d7e13e4636d08ef916c1c286be76392c16a8ed3,2018-02-09,38.99232153602164,-76.94211627929063,7,98,17:03:14
1492af36de54453fc77dd88b5d7e13e4636d08ef916c1c286be76392c16a8ed3,2018-02-09,38.99232153602164,-76.94211627929063,7,98,17:03:44
1492af36de54453fc77dd88b5d7e13e4636d08ef916c1c286be76392c16a8ed3,2018-02-09,38.99232153602164,-76.94211627929063,7,98,17:04:15
1492af36de54453fc77dd88b5d7e13e4636d08ef916c1c286be76392c16a8ed3,2018-02-09,38.99232153602164,-76.94211627929063,7,98,17:04:48
1492af36de54453fc77dd88b5d7e13e4636d08ef916c1c286be76392c16a8ed3,2018-02-09,38.99232153602164,-76.94211627929063,7,98,17:05:12
1492af36de54453fc77dd88b5d7e13e4636d08ef916c1c286be76392c16a8ed3,2018-02-09,38.99232153602164,-76.94211627929063,7,98,17:05:18
1492af36de54453fc77dd88b5d7e13e4636d08ef916c1c286be76392c16a8ed3,2018-02-09,38.99232153602164,-76.94211627929063,7,98,17:05:48
1492af36de54453fc77dd88b5d7e13e4636d08ef916c1c286be76392c16a8ed3,2018-02-09,38.99232153602164,-76.94211627929063,7,98,17:06:18
1492af36de54453fc77dd88b5d7e13e4636d08ef916c1c286be76392c16a8ed3,2018-02-09,38.99232153602164,-76.94211627929063,7,98,17:06:49
1492af36de54453fc77dd88b5d7e13e4636d08ef916c1c286be76392c16a8ed3,2018-02-09,38.99232153602164,-76.94211627929063,7,98,17:07:19
1492af36de54453fc77dd88b5d7e13e4636d08ef916c1c286be76392c16a8ed3,2018-02-09,38.99232153602164,-76.94211627929063,7,98,17:07:49
1492af36de54453fc77dd88b5d7e13e4636d08ef916c1c286be76392c16a8ed3,2018-02-09,38.99232153602164,-76.94211627929063,7,98,17:07:52
1492af36de54453fc77dd88b5d7e13e4636d08ef916c1c286be76392c16a8ed3,2018-02-09,38.99232153602164,-76.94211627929063,5,98,17:08:19
1492af36de54453fc77dd88b5d7e13e4636d08ef916c1c286be76392c16a8ed3,2018-02-09,38.99232153602164,-76.94211627929063,5,98,17:08:49
1492af36de54453fc77dd88b5d7e13e4636d08ef916c1c286be76392c16a8ed3,2018-02-09,38.99232153602164,-76.94211627929063,5,98,17:09:41
1492af36de54453fc77dd88b5d7e13e4636d08ef916c1c286be76392c16a8ed3,2018-02-09,38.99232153602164,-76.94211627929063,5,98,17:09:43
1492af36de54453fc77dd88b5d7e13e4636d08ef916c1c286be76392c16a8ed3,2018-02-09,38.99232153602164,-76.94211627929063,5,98,17:10:11
1492af36de54453fc77dd88b5d7e13e4636d08ef916c1c286be76392c16a8ed3,2018-02-09,38.99232153602164,-76.94211627929063,5,98,17:10:44
1492af36de54453fc77dd88b5d7e13e4636d08ef916c1c286be76392c16a8ed3,2018-02-09,38.99232153602164,-76.94211627929063,5,98,17:10:47
1492af36de54453fc77dd88b5d7e13e4636d08ef916c1c286be76392c16a8ed3,2018-02-09,38.99232153602164,-76.94211627929063,5,98,17:11:14
1492af36de54453fc77dd88b5d7e13e4636d08ef916c1c286be76392c16a8ed3,2018-02-09,38.99232153602164,-76.94211627929063,5,98,17:11:41
1492af36de54453fc77dd88b5d7e13e4636d08ef916c1c286be76392c16a8ed3,2018-02-09,38.99232153602164,-76.94211627929063,5,98,17:11:45
1492af36de54453fc77dd88b5d7e13e4636d08ef916c1c286be76392c16a8ed3,2018-02-09,38.99232153602164,-76.94211627929063,5,98,17:12:15
1492af36de54453fc77dd88b5d7e13e4636d08ef916c1c286be76392c16a8ed3,2018-02-09,38.99232153602164,-76.94211627929063,5,98,17:12:34
1492af36de54453fc77dd88b5d7e13e4636d08ef916c1c286be76392c16a8ed3,2018-02-09,38.99232153602164,-76.94211627929063,5,98,17:12:45
1492af36de54453fc77dd88b5d7e13e4636d08ef916c1c286be76392c16a8ed3,2018-02-09,38.99232153602164,-76.94211627929063,5,98,17:13:05
1492af36de54453fc77dd88b5d7e13e4636d08ef916c1c286be76392c16a8ed3,2018-02-09,38.99232153602164,-76.94211627929063,5,98,17:13:15
1492af36de54453fc77dd88b5d7e13e4636d08ef916c1c286be76392c16a8ed3,2018-02-09,38.99232153602164,-76.94211627929063,5,98,17:13:45
1492af36de54453fc77dd88b5d7e13e4636d08ef916c1c286be76392c16a8ed3,2018-02-09,38.99232153602164,-76.94211627929063,5,98,17:14:06
1492af36de54453fc77dd88b5d7e13e4636d08ef916c1c286be76392c16a8ed3,2018-02-09,38.99232153602164,-76.94211627929063,5,98,17:14:15
1492af36de54453fc77dd88b5d7e13e4636d08ef916c1c286be76392c16a8ed3,2018-02-09,38.99232153602164,-76.94211627929063,5,98,17:14:48
1492af36de54453fc77dd88b5d7e13e4636d08ef916c1c286be76392c16a8ed3,2018-02-09,38.99232153602164,-76.94211627929063,5,98,17:14:51
1492af36de54453fc77dd88b5d7e13e4636d08ef916c1c286be76392c16a8ed3,2018-02-09,38.99232153602164,-76.94211627929063,5,98,17:15:18
1492af36de54453fc77dd88b5d7e13e4636d08ef916c1c286be76392c16a8ed3,2018-02-09,38.99232153602164,-76.94211627929063,5,98,17:15:33
1492af36de54453fc77dd88b5d7e13e4636d08ef916c1c286be76392c16a8ed3,2018-02-09,38.99232153602164,-76.94211627929063,5,98,17:15:48
1492af36de54453fc77dd88b5d7e13e4636d08ef916c1c286be76392c16a8ed3,2018-02-09,38.99232153602164,-76.94211627929063,5,98,17:16:16
1492af36de54453fc77dd88b5d7e13e4636d08ef916c1c286be76392c16a8ed3,2018-02-09,38.99232153602164,-76.94211627929063,5,98,17:16:18
1492af36de54453fc77dd88b5d7e13e4636d08ef916c1c286be76392c16a8ed3,2018-02-09,38.99232153602164,-76.94211627929063,5,98,17:16:48
1492af36de54453fc77dd88b5d7e13e4636d08ef916c1c286be76392c16a8ed3,2018-02-09,38.99232153602164,-76.94211627929063,5,98,17:17:18
1492af36de54453fc77dd88b5d7e13e4636d08ef916c1c286be76392c16a8ed3,2018-02-09,38.99232153602164,-76.94211627929063,5,98,17:17:48
1492af36de54453fc77dd88b5d7e13e4636d08ef916c1c286be76392c16a8ed3,2018-02-09,38.99232153602164,-76.94211627929063,5,98,17:18:01
1492af36de54453fc77dd88b5d7e13e4636d08ef916c1c286be76392c16a8ed3,2018-02-09,38.99232153602164,-76.94211627929063,5,98,17:18:19
1492af36de54453fc77dd88b5d7e13e4636d08ef916c1c286be76392c16a8ed3,2018-02-09,38.99232153602164,-76.94211627929063,5,98,17:18:50
1492af36de54453fc77dd88b5d7e13e4636d08ef916c1c286be76392c16a8ed3,2018-02-09,38.99233814781998,-76.94214315112623,7,98,17:19:21
1492af36de54453fc77dd88b5d7e13e4636d08ef916c1c286be76392c16a8ed3,2018-02-09,38.99233814781998,-76.94214315112623,7,98,17:19:51
1492af36de54453fc77dd88b5d7e13e4636d08ef916c1c286be76392c16a8ed3,2018-02-09,38.99233814781998,-76.94214315112623,7,98,17:20:21
1492af36de54453fc77dd88b5d7e13e4636d08ef916c1c286be76392c16a8ed3,2018-02-09,38.99233814781998,-76.94214315112623,7,98,17:20:51
1492af36de54453fc77dd88b5d7e13e4636d08ef916c1c286be76392c16a8ed3,2018-02-09,38.99233814781998,-76.94214315112623,7,98,17:20:58
1492af36de54453fc77dd88b5d7e13e4636d08ef916c1c286be76392c16a8ed3,2018-02-09,38.99233814781998,-76.94214315112623,7,98,17:21:21
1492af36de54453fc77dd88b5d7e13e4636d08ef916c1c286be76392c16a8ed3,2018-02-09,38.99233814781998,-76.94214315112623,7,98,17:21:51
1492af36de54453fc77dd88b5d7e13e4636d08ef916c1c286be76392c16a8ed3,2018-02-09,38.99233814781998,-76.94214315112623,7,98,17:21:53
1492af36de54453fc77dd88b5d7e13e4636d08ef916c1c286be76392c16a8ed3,2018-02-09,38.99233814781998,-76.94214315112623,7,98,17:22:21
1492af36de54453fc77dd88b5d7e13e4636d08ef916c1c286be76392c16a8ed3,2018-02-09,38.99233814781998,-76.94214315112623,7,98,17:22:36
1492af36de54453fc77dd88b5d7e13e4636d08ef916c1c286be76392c16a8ed3,2018-02-09,38.99233814781998,-76.94214315112623,7,98,17:22:51
1492af36de54453fc77dd88b5d7e13e4636d08ef916c1c286be76392c16a8ed3,2018-02-09,38.99233814781998,-76.94214315112623,7,98,17:23:21
1492af36de54453fc77dd88b5d7e13e4636d08ef916c1c286be76392c16a8ed3,2018-02-09,38.99233814781998,-76.94214315112623,7,98,17:23:51
1492af36de54453fc77dd88b5d7e13e4636d08ef916c1c286be76392c16a8ed3,2018-02-09,38.99233814781998,-76.94214315112623,7,98,17:24:21
1492af36de54453fc77dd88b5d7e13e4636d08ef916c1c286be76392c16a8ed3,2018-02-09,38.99233814781998,-76.94214315112623,7,98,17:24:51
1492af36de54453fc77dd88b5d7e13e4636d08ef916c1c286be76392c16a8ed3,2018-02-09,38.99233814781998,-76.94214315112623,7,98,17:25:21
1492af36de54453fc77dd88b5d7e13e4636d08ef916c1c286be76392c16a8ed3,2018-02-09,38.99233814781998,-76.94214315112623,7,98,17:25:51
1492af36de54453fc77dd88b5d7e13e4636d08ef916c1c286be76392c16a8ed3,2018-02-09,38.99233814781998,-76.94214315112623,7,98,17:25:54
1492af36de54453fc77dd88b5d7e13e4636d08ef916c1c286be76392c16a8ed3,2018-02-09,38.99233814781998,-76.94214315112623,7,98,17:26:21
1492af36de54453fc77dd88b5d7e13e4636d08ef916c1c286be76392c16a8ed3,2018-02-09,38.99233814781998,-76.94214315112623,7,98,17:26:52
1492af36de54453fc77dd88b5d7e13e4636d08ef916c1c286be76392c16a8ed3,2018-02-09,38.99233814781998,-76.94214315112623,7,98,17:27:22
1492af36de54453fc77dd88b5d7e13e4636d08ef916c1c286be76392c16a8ed3,2018-02-09,38.99233814781998,-76.94214315112623,7,98,17:27:52
1492af36de54453fc77dd88b5d7e13e4636d08ef916c1c286be76392c16a8ed3,2018-02-09,38.99233814781998,-76.94214315112623,7,98,17:28:24
1492af36de54453fc77dd88b5d7e13e4636d08ef916c1c286be76392c16a8ed3,2018-02-09,38.99233814781998,-76.94214315112623,7,98,17:28:54
1492af36de54453fc77dd88b5d7e13e4636d08ef916c1c286be76392c16a8ed3,2018-02-09,38.99233814781998,-76.94214315112623,7,98,17:29:24
1492af36de54453fc77dd88b5d7e13e4636d08ef916c1c286be76392c16a8ed3,2018-02-09,38.99233814781998,-76.94214315112623,7,98,17:29:54
1492af36de54453fc77dd88b5d7e13e4636d08ef916c1c286be76392c16a8ed3,2018-02-09,38.99233814781998,-76.94214315112623,7,98,17:30:27
1492af36de54453fc77dd88b5d7e13e4636d08ef916c1c286be76392c16a8ed3,2018-02-09,38.99233814781998,-76.94214315112623,7,98,17:30:57
1492af36de54453fc77dd88b5d7e13e4636d08ef916c1c286be76392c16a8ed3,2018-02-09,38.99233814781998,-76.94214315112623,7,98,17:31:56
1492af36de54453fc77dd88b5d7e13e4636d08ef916c1c286be76392c16a8ed3,2018-02-09,38.99233814781998,-76.94214315112623,7,98,17:31:57
1492af36de54453fc77dd88b5d7e13e4636d08ef916c1c286be76392c16a8ed3,2018-02-09,38.99233814781998,-76.94214315112623,7,98,17:32:26
1492af36de54453fc77dd88b5d7e13e4636d08ef916c1c286be76392c16a8ed3,2018-02-09,38.99233814781998,-76.94214315112623,7,98,17:32:57
1492af36de54453fc77dd88b5d7e13e4636d08ef916c1c286be76392c16a8ed3,2018-02-09,38.99233814781998,-76.94214315112623,7,98,17:33:13
1492af36de54453fc77dd88b5d7e13e4636d08ef916c1c286be76392c16a8ed3,2018-02-09,38.99233814781998,-76.94214315112623,7,98,17:33:27
1492af36de54453fc77dd88b5d7e13e4636d08ef916c1c286be76392c16a8ed3,2018-02-09,38.99233814781998,-76.94214315112623,7,98,17:33:57
1492af36de54453fc77dd88b5d7e13e4636d08ef916c1c286be76392c16a8ed3,2018-02-09,38.99233814781998,-76.94214315112623,7,98,17:34:58
1492af36de54453fc77dd88b5d7e13e4636d08ef916c1c286be76392c16a8ed3,2018-02-09,38.99233814781998,-76.94214315112623,7,98,17:35:14
1492af36de54453fc77dd88b5d7e13e4636d08ef916c1c286be76392c16a8ed3,2018-02-09,38.99233814781998,-76.94214315112623,7,98,17:35:30
1492af36de54453fc77dd88b5d7e13e4636d08ef916c1c286be76392c16a8ed3,2018-02-09,38.99233814781998,-76.94214315112623,7,98,17:36:00
1492af36de54453fc77dd88b5d7e13e4636d08ef916c1c286be76392c16a8ed3,2018-02-09,38.99233814781998,-76.94214315112623,7,98,17:36:30
1492af36de54453fc77dd88b5d7e13e4636d08ef916c1c286be76392c16a8ed3,2018-02-09,38.99233814781998,-76.94214315112623,7,98,17:37:00
1492af36de54453fc77dd88b5d7e13e4636d08ef916c1c286be76392c16a8ed3,2018-02-09,38.99233814781998,-76.94214315112623,7,98,17:37:31
1492af36de54453fc77dd88b5d7e13e4636d08ef916c1c286be76392c16a8ed3,2018-02-09,38.99233814781998,-76.94214315112623,7,98,17:38:13
1492af36de54453fc77dd88b5d7e13e4636d08ef916c1c286be76392c16a8ed3,2018-02-09,38.99233814781998,-76.94214315112623,7,98,17:38:43
1492af36de54453fc77dd88b5d7e13e4636d08ef916c1c286be76392c16a8ed3,2018-02-09,38.99233814781998,-76.94214315112623,7,98,17:39:13
1492af36de54453fc77dd88b5d7e13e4636d08ef916c1c286be76392c16a8ed3,2018-02-09,38.99233814781998,-76.94214315112623,7,98,17:39:43
1492af36de54453fc77dd88b5d7e13e4636d08ef916c1c286be76392c16a8ed3,2018-02-09,38.99233814781998,-76.94214315112623,7,98,17:40:13
1492af36de54453fc77dd88b5d7e13e4636d08ef916c1c286be76392c16a8ed3,2018-02-09,38.99233814781998,-76.94214315112623,7,98,17:40:43
1492af36de54453fc77dd88b5d7e13e4636d08ef916c1c286be76392c16a8ed3,2018-02-09,38.99233814781998,-76.94214315112623,7,98,17:41:14
1492af36de54453fc77dd88b5d7e13e4636d08ef916c1c286be76392c16a8ed3,2018-02-09,38.99233814781998,-76.94214315112623,7,98,17:41:44
1492af36de54453fc77dd88b5d7e13e4636d08ef916c1c286be76392c16a8ed3,2018-02-09,38.99233814781998,-76.94214315112623,7,98,17:42:14
1492af36de54453fc77dd88b5d7e13e4636d08ef916c1c286be76392c16a8ed3,2018-02-09,38.99233814781998,-76.94214315112623,7,98,17:42:23
1492af36de54453fc77dd88b5d7e13e4636d08ef916c1c286be76392c16a8ed3,2018-02-09,38.99233814781998,-76.94214315112623,7,98,17:42:44
1492af36de54453fc77dd88b5d7e13e4636d08ef916c1c286be76392c16a8ed3,2018-02-09,38.99233814781998,-76.94214315112623,7,98,17:43:14
1492af36de54453fc77dd88b5d7e13e4636d08ef916c1c286be76392c16a8ed3,2018-02-09,38.99233814781998,-76.94214315112623,7,98,17:43:40
1492af36de54453fc77dd88b5d7e13e4636d08ef916c1c286be76392c16a8ed3,2018-02-09,38.99233814781998,-76.94214315112623,7,98,17:43:44
1492af36de54453fc77dd88b5d7e13e4636d08ef916c1c286be76392c16a8ed3,2018-02-09,38.99233814781998,-76.94214315112623,7,98,17:44:14
1492af36de54453fc77dd88b5d7e13e4636d08ef916c1c286be76392c16a8ed3,2018-02-09,38.99233814781998,-76.94214315112623,7,98,17:44:44
1492af36de54453fc77dd88b5d7e13e4636d08ef916c1c286be76392c16a8ed3,2018-02-09,38.99233814781998,-76.94214315112623,7,98,17:45:14
1492af36de54453fc77dd88b5d7e13e4636d08ef916c1c286be76392c16a8ed3,2018-02-09,38.99233814781998,-76.94214315112623,7,98,17:45:24
1492af36de54453fc77dd88b5d7e13e4636d08ef916c1c286be76392c16a8ed3,2018-02-09,38.99233814781998,-76.94214315112623,7,98,17:45:44
1492af36de54453fc77dd88b5d7e13e4636d08ef916c1c286be76392c16a8ed3,2018-02-09,38.99233814781998,-76.94214315112623,7,98,17:46:14
1492af36de54453fc77dd88b5d7e13e4636d08ef916c1c286be76392c16a8ed3,2018-02-09,38.99233814781998,-76.94214315112623,7,98,17:46:36
1492af36de54453fc77dd88b5d7e13e4636d08ef916c1c286be76392c16a8ed3,2018-02-09,38.99233814781998,-76.94214315112623,7,98,17:46:44
1492af36de54453fc77dd88b5d7e13e4636d08ef916c1c286be76392c16a8ed3,2018-02-09,38.99233814781998,-76.94214315112623,7,98,17:47:15
1492af36de54453fc77dd88b5d7e13e4636d08ef916c1c286be76392c16a8ed3,2018-02-09,38.99233814781998,-76.94214315112623,7,98,17:47:45
1492af36de54453fc77dd88b5d7e13e4636d08ef916c1c286be76392c16a8ed3,2018-02-09,38.99233814781998,-76.94214315112623,7,98,17:47:50
1492af36de54453fc77dd88b5d7e13e4636d08ef916c1c286be76392c16a8ed3,2018-02-09,38.99233814781998,-76.94214315112623,7,98,17:48:15
1492af36de54453fc77dd88b5d7e13e4636d08ef916c1c286be76392c16a8ed3,2018-02-09,38.99233814781998,-76.94214315112623,7,98,17:48:45
1492af36de54453fc77dd88b5d7e13e4636d08ef916c1c286be76392c16a8ed3,2018-02-09,38.99233814781998,-76.94214315112623,7,98,17:49:15
1492af36de54453fc77dd88b5d7e13e4636d08ef916c1c286be76392c16a8ed3,2018-02-09,38.99233814781998,-76.94214315112623,7,98,17:49:46
1492af36de54453fc77dd88b5d7e13e4636d08ef916c1c286be76392c16a8ed3,2018-02-09,38.99233814781998,-76.94214315112623,7,98,17:49:55
1492af36de54453fc77dd88b5d7e13e4636d08ef916c1c286be76392c16a8ed3,2018-02-09,38.99233814781998,-76.94214315112623,7,98,17:50:16
1492af36de54453fc77dd88b5d7e13e4636d08ef916c1c286be76392c16a8ed3,2018-02-09,38.99233814781998,-76.94214315112623,7,98,17:50:46
1492af36de54453fc77dd88b5d7e13e4636d08ef916c1c286be76392c16a8ed3,2018-02-09,38.99233814781998,-76.94214315112623,7,98,17:50:56
1492af36de54453fc77dd88b5d7e13e4636d08ef916c1c286be76392c16a8ed3,2018-02-09,38.99233814781998,-76.94214315112623,7,98,17:51:16
1492af36de54453fc77dd88b5d7e13e4636d08ef916c1c286be76392c16a8ed3,2018-02-09,38.99233814781998,-76.94214315112623,7,98,17:51:47
1492af36de54453fc77dd88b5d7e13e4636d08ef916c1c286be76392c16a8ed3,2018-02-09,38.99233814781998,-76.94214315112623,7,98,17:52:45
1492af36de54453fc77dd88b5d7e13e4636d08ef916c1c286be76392c16a8ed3,2018-02-09,38.99233814781998,-76.94214315112623,7,98,17:52:46
1492af36de54453fc77dd88b5d7e13e4636d08ef916c1c286be76392c16a8ed3,2018-02-09,38.99232153602164,-76.94211627929063,7,98,17:53:18
1492af36de54453fc77dd88b5d7e13e4636d08ef916c1c286be76392c16a8ed3,2018-02-09,38.99232153602164,-76.94211627929063,7,98,17:53:48
1492af36de54453fc77dd88b5d7e13e4636d08ef916c1c286be76392c16a8ed3,2018-02-09,38.99232153602164,-76.94211627929063,7,98,17:54:01
1492af36de54453fc77dd88b5d7e13e4636d08ef916c1c286be76392c16a8ed3,2018-02-09,38.99232153602164,-76.94211627929063,7,98,17:54:19
1492af36de54453fc77dd88b5d7e13e4636d08ef916c1c286be76392c16a8ed3,2018-02-09,38.99232153602164,-76.94211627929063,7,98,17:54:45
1492af36de54453fc77dd88b5d7e13e4636d08ef916c1c286be76392c16a8ed3,2018-02-09,38.99232153602164,-76.94211627929063,7,98,17:54:49
1492af36de54453fc77dd88b5d7e13e4636d08ef916c1c286be76392c16a8ed3,2018-02-09,38.99232153602164,-76.94211627929063,7,98,17:55:22
1492af36de54453fc77dd88b5d7e13e4636d08ef916c1c286be76392c16a8ed3,2018-02-09,38.99232153602164,-76.94211627929063,7,98,17:55:40
1492af36de54453fc77dd88b5d7e13e4636d08ef916c1c286be76392c16a8ed3,2018-02-09,38.99232153602164,-76.94211627929063,7,98,17:55:52
1492af36de54453fc77dd88b5d7e13e4636d08ef916c1c286be76392c16a8ed3,2018-02-09,38.99232153602164,-76.94211627929063,7,98,17:56:22
1492af36de54453fc77dd88b5d7e13e4636d08ef916c1c286be76392c16a8ed3,2018-02-09,38.99232153602164,-76.94211627929063,7,98,17:56:34
1492af36de54453fc77dd88b5d7e13e4636d08ef916c1c286be76392c16a8ed3,2018-02-09,38.99232153602164,-76.94211627929063,7,98,17:56:52
1492af36de54453fc77dd88b5d7e13e4636d08ef916c1c286be76392c16a8ed3,2018-02-09,38.99232153602164,-76.94211627929063,7,98,17:57:22
1492af36de54453fc77dd88b5d7e13e4636d08ef916c1c286be76392c16a8ed3,2018-02-09,38.99232153602164,-76.94211627929063,7,98,17:57:26
1492af36de54453fc77dd88b5d7e13e4636d08ef916c1c286be76392c16a8ed3,2018-02-09,38.99232153602164,-76.94211627929063,7,98,17:57:52
1492af36de54453fc77dd88b5d7e13e4636d08ef916c1c286be76392c16a8ed3,2018-02-09,38.99232153602164,-76.94211627929063,7,98,17:57:59
1492af36de54453fc77dd88b5d7e13e4636d08ef916c1c286be76392c16a8ed3,2018-02-09,38.99232153602164,-76.94211627929063,7,98,17:58:22
1492af36de54453fc77dd88b5d7e13e4636d08ef916c1c286be76392c16a8ed3,2018-02-09,38.99232153602164,-76.94211627929063,7,98,17:58:44
1492af36de54453fc77dd88b5d7e13e4636d08ef916c1c286be76392c16a8ed3,2018-02-09,38.99232153602164,-76.94211627929063,7,98,17:58:52
1492af36de54453fc77dd88b5d7e13e4636d08ef916c1c286be76392c16a8ed3,2018-02-09,38.99232153602164,-76.94211627929063,7,98,17:59:22
1492af36de54453fc77dd88b5d7e13e4636d08ef916c1c286be76392c16a8ed3,2018-02-09,38.99232153602164,-76.94211627929063,7,98,17:59:52
cb20c2ad84d7a2643ee83c96bb22bb7c04563cc576a8af7e1f1ad6fb5d0e5c8b,2018-02-09,38.99038647350047,-76.93634187787602,4,115,17:00:48
cb20c2ad84d7a2643ee83c96bb22bb7c04563cc576a8af7e1f1ad6fb5d0e5c8b,2018-02-09,38.99038651546382,-76.93634199943936,4,115,17:00:48
cb20c2ad84d7a2643ee83c96bb22bb7c04563cc576a8af7e1f1ad6fb5d0e5c8b,2018-02-09,38.99038651546382,-76.93634199943936,4,115,17:01:48
cb20c2ad84d7a2643ee83c96bb22bb7c04563cc576a8af7e1f1ad6fb5d0e5c8b,2018-02-09,38.99038651546382,-76.93634199943936,4,115,17:01:48
cb20c2ad84d7a2643ee83c96bb22bb7c04563cc576a8af7e1f1ad6fb5d0e5c8b,2018-02-09,38.99038651546382,-76.93634199943936,4,115,17:02:50
cb20c2ad84d7a2643ee83c96bb22bb7c04563cc576a8af7e1f1ad6fb5d0e5c8b,2018-02-09,38.99036874558317,-76.93628707912465,4,115,17:02:50
cb20c2ad84d7a2643ee83c96bb22bb7c04563cc576a8af7e1f1ad6fb5d0e5c8b,2018-02-09,38.99036874558317,-76.93628707912465,4,115,17:03:21
cb20c2ad84d7a2643ee83c96bb22bb7c04563cc576a8af7e1f1ad6fb5d0e5c8b,2018-02-09,38.99034990571847,-76.9363495235295,4,115,17:03:23
cb20c2ad84d7a2643ee83c96bb22bb7c04563cc576a8af7e1f1ad6fb5d0e5c8b,2018-02-09,38.99037094275443,-76.93635074699442,4,115,17:08:54
cb20c2ad84d7a2643ee83c96bb22bb7c04563cc576a8af7e1f1ad6fb5d0e5c8b,2018-02-09,38.99037094275443,-76.93635074699442,4,115,17:08:54
cb20c2ad84d7a2643ee83c96bb22bb7c04563cc576a8af7e1f1ad6fb5d0e5c8b,2018-02-09,38.99037094275443,-76.93635074699442,4,115,17:08:54
cb20c2ad84d7a2643ee83c96bb22bb7c04563cc576a8af7e1f1ad6fb5d0e5c8b,2018-02-09,38.99037094275443,-76.93635074699442,4,115,17:08:54
cb20c2ad84d7a2643ee83c96bb22bb7c04563cc576a8af7e1f1ad6fb5d0e5c8b,2018-02-09,38.99037094275443,-76.93635074699442,4,115,17:08:54
cb20c2ad84d7a2643ee83c96bb22bb7c04563cc576a8af7e1f1ad6fb5d0e5c8b,2018-02-09,38.99037094275443,-76.93635074699442,4,115,17:08:54
cb20c2ad84d7a2643ee83c96bb22bb7c04563cc576a8af7e1f1ad6fb5d0e5c8b,2018-02-09,38.99037094275443,-76.93635074699442,4,115,17:08:54
cb20c2ad84d7a2643ee83c96bb22bb7c04563cc576a8af7e1f1ad6fb5d0e5c8b,2018-02-09,38.990351363656345,-76.93636412918147,4,115,17:08:54
cb20c2ad84d7a2643ee83c96bb22bb7c04563cc576a8af7e1f1ad6fb5d0e5c8b,2018-02-09,38.990356594893605,-76.93633758612272,4,115,17:08:54
cb20c2ad84d7a2643ee83c96bb22bb7c04563cc576a8af7e1f1ad6fb5d0e5c8b,2018-02-09,38.990356594893605,-76.93633758612272,4,115,17:08:54
cb20c2ad84d7a2643ee83c96bb22bb7c04563cc576a8af7e1f1ad6fb5d0e5c8b,2018-02-09,38.990360544382966,-76.93639214580311,4,115,17:13:36
cb20c2ad84d7a2643ee83c96bb22bb7c04563cc576a8af7e1f1ad6fb5d0e5c8b,2018-02-09,38.990360544382966,-76.93639214580311,4,115,17:13:36
cb20c2ad84d7a2643ee83c96bb22bb7c04563cc576a8af7e1f1ad6fb5d0e5c8b,2018-02-09,38.990360544382966,-76.93639214580311,4,115,17:13:36
cb20c2ad84d7a2643ee83c96bb22bb7c04563cc576a8af7e1f1ad6fb5d0e5c8b,2018-02-09,38.990360544382966,-76.93639214580311,4,115,17:13:36
cb20c2ad84d7a2643ee83c96bb22bb7c04563cc576a8af7e1f1ad6fb5d0e5c8b,2018-02-09,38.990360544382966,-76.93639214580311,4,115,17:13:36
cb20c2ad84d7a2643ee83c96bb22bb7c04563cc576a8af7e1f1ad6fb5d0e5c8b,2018-02-09,38.99036633346604,-76.93636118599835,4,115,17:13:36
cb20c2ad84d7a2643ee83c96bb22bb7c04563cc576a8af7e1f1ad6fb5d0e5c8b,2018-02-09,38.99036633346604,-76.93636118599835,4,115,17:13:36
cb20c2ad84d7a2643ee83c96bb22bb7c04563cc576a8af7e1f1ad6fb5d0e5c8b,2018-02-09,38.99036633346604,-76.93636118599835,4,115,17:13:36
cb20c2ad84d7a2643ee83c96bb22bb7c04563cc576a8af7e1f1ad6fb5d0e5c8b,2018-02-09,38.99037094275443,-76.93635074699442,4,115,17:08:54
cb20c2ad84d7a2643ee83c96bb22bb7c04563cc576a8af7e1f1ad6fb5d0e5c8b,2018-02-09,38.99033639691077,-76.93638319106849,4,115,17:16:08
cb20c2ad84d7a2643ee83c96bb22bb7c04563cc576a8af7e1f1ad6fb5d0e5c8b,2018-02-09,38.99033639691077,-76.93638319106849,4,115,17:16:08
cb20c2ad84d7a2643ee83c96bb22bb7c04563cc576a8af7e1f1ad6fb5d0e5c8b,2018-02-09,38.99033639691077,-76.93638319106849,4,115,17:16:08
cb20c2ad84d7a2643ee83c96bb22bb7c04563cc576a8af7e1f1ad6fb5d0e5c8b,2018-02-09,38.99033639691077,-76.93638319106849,4,115,17:16:08
cb20c2ad84d7a2643ee83c96bb22bb7c04563cc576a8af7e1f1ad6fb5d0e5c8b,2018-02-09,38.990360544382966,-76.93639214580311,4,115,17:13:36
cb20c2ad84d7a2643ee83c96bb22bb7c04563cc576a8af7e1f1ad6fb5d0e5c8b,2018-02-09,38.99033639691077,-76.93638319106849,4,115,17:16:08
cb20c2ad84d7a2643ee83c96bb22bb7c04563cc576a8af7e1f1ad6fb5d0e5c8b,2018-02-09,38.9903646982108,-76.93638539706943,4,115,17:18:09
cb20c2ad84d7a2643ee83c96bb22bb7c04563cc576a8af7e1f1ad6fb5d0e5c8b,2018-02-09,38.9903646982108,-76.93638539706943,4,115,17:18:09
cb20c2ad84d7a2643ee83c96bb22bb7c04563cc576a8af7e1f1ad6fb5d0e5c8b,2018-02-09,38.9903646982108,-76.93638539706943,4,115,17:18:09
cb20c2ad84d7a2643ee83c96bb22bb7c04563cc576a8af7e1f1ad6fb5d0e5c8b,2018-02-09,38.99036999460485,-76.93627196106465,4,115,17:20:40
cb20c2ad84d7a2643ee83c96bb22bb7c04563cc576a8af7e1f1ad6fb5d0e5c8b,2018-02-09,38.99037934188702,-76.93632695881337,4,115,17:20:40
cb20c2ad84d7a2643ee83c96bb22bb7c04563cc576a8af7e1f1ad6fb5d0e5c8b,2018-02-09,38.99037934188702,-76.93632695881337,4,115,17:20:40
cb20c2ad84d7a2643ee83c96bb22bb7c04563cc576a8af7e1f1ad6fb5d0e5c8b,2018-02-09,38.99037934188702,-76.93632695881337,4,115,17:20:40
cb20c2ad84d7a2643ee83c96bb22bb7c04563cc576a8af7e1f1ad6fb5d0e5c8b,2018-02-09,38.9903920539976,-76.93637318699227,3,115,17:18:09
cb20c2ad84d7a2643ee83c96bb22bb7c04563cc576a8af7e1f1ad6fb5d0e5c8b,2018-02-09,38.99036999460485,-76.93627196106465,4,115,17:20:40
cb20c2ad84d7a2643ee83c96bb22bb7c04563cc576a8af7e1f1ad6fb5d0e5c8b,2018-02-09,38.99035033019421,-76.93631075780804,4,115,17:23:08
cb20c2ad84d7a2643ee83c96bb22bb7c04563cc576a8af7e1f1ad6fb5d0e5c8b,2018-02-09,38.99035033019421,-76.93631075780804,4,115,17:23:08
cb20c2ad84d7a2643ee83c96bb22bb7c04563cc576a8af7e1f1ad6fb5d0e5c8b,2018-02-09,38.99035033019421,-76.93631075780804,4,115,17:23:08
cb20c2ad84d7a2643ee83c96bb22bb7c04563cc576a8af7e1f1ad6fb5d0e5c8b,2018-02-09,38.99034109115696,-76.93634439748173,4,115,17:23:08
cb20c2ad84d7a2643ee83c96bb22bb7c04563cc576a8af7e1f1ad6fb5d0e5c8b,2018-02-09,38.99034109115696,-76.93634439748173,4,115,17:25:40
cb20c2ad84d7a2643ee83c96bb22bb7c04563cc576a8af7e1f1ad6fb5d0e5c8b,2018-02-09,38.99034109115696,-76.93634439748173,4,115,17:25:40
cb20c2ad84d7a2643ee83c96bb22bb7c04563cc576a8af7e1f1ad6fb5d0e5c8b,2018-02-09,38.99034109115696,-76.93634439748173,4,115,17:23:08
cb20c2ad84d7a2643ee83c96bb22bb7c04563cc576a8af7e1f1ad6fb5d0e5c8b,2018-02-09,38.99034109115696,-76.93634439748173,4,115,17:25:40
cb20c2ad84d7a2643ee83c96bb22bb7c04563cc576a8af7e1f1ad6fb5d0e5c8b,2018-02-09,38.99034481684614,-76.93634997232107,4,115,17:25:41
cb20c2ad84d7a2643ee83c96bb22bb7c04563cc576a8af7e1f1ad6fb5d0e5c8b,2018-02-09,38.99034275617276,-76.93634269409144,4,115,17:28:10
cb20c2ad84d7a2643ee83c96bb22bb7c04563cc576a8af7e1f1ad6fb5d0e5c8b,2018-02-09,38.99033864688922,-76.93631720039437,4,115,17:28:10
cb20c2ad84d7a2643ee83c96bb22bb7c04563cc576a8af7e1f1ad6fb5d0e5c8b,2018-02-09,38.99033864688922,-76.93631720039437,4,115,17:28:10
cb20c2ad84d7a2643ee83c96bb22bb7c04563cc576a8af7e1f1ad6fb5d0e5c8b,2018-02-09,38.99033864688922,-76.93631720039437,4,115,17:28:10
cb20c2ad84d7a2643ee83c96bb22bb7c04563cc576a8af7e1f1ad6fb5d0e5c8b,2018-02-09,38.99034481684614,-76.93634997232107,4,115,17:25:41
cb20c2ad84d7a2643ee83c96bb22bb7c04563cc576a8af7e1f1ad6fb5d0e5c8b,2018-02-09,38.990392588441956,-76.93636623429411,4,115,17:30:41
cb20c2ad84d7a2643ee83c96bb22bb7c04563cc576a8af7e1f1ad6fb5d0e5c8b,2018-02-09,38.99037025384124,-76.9363601459605,4,115,17:30:41
cb20c2ad84d7a2643ee83c96bb22bb7c04563cc576a8af7e1f1ad6fb5d0e5c8b,2018-02-09,38.99037025384124,-76.9363601459605,4,115,17:30:41
cb20c2ad84d7a2643ee83c96bb22bb7c04563cc576a8af7e1f1ad6fb5d0e5c8b,2018-02-09,38.99037025384124,-76.9363601459605,4,115,17:30:41
cb20c2ad84d7a2643ee83c96bb22bb7c04563cc576a8af7e1f1ad6fb5d0e5c8b,2018-02-09,38.99034275617276,-76.93634269409144,4,115,17:28:10
cb20c2ad84d7a2643ee83c96bb22bb7c04563cc576a8af7e1f1ad6fb5d0e5c8b,2018-02-09,38.990392589011776,-76.93636623106964,4,115,17:30:41
cb20c2ad84d7a2643ee83c96bb22bb7c04563cc576a8af7e1f1ad6fb5d0e5c8b,2018-02-09,38.99036771657613,-76.93636967505964,4,115,17:32:42
cb20c2ad84d7a2643ee83c96bb22bb7c04563cc576a8af7e1f1ad6fb5d0e5c8b,2018-02-09,38.99036771657613,-76.93636967505964,4,115,17:32:42
cb20c2ad84d7a2643ee83c96bb22bb7c04563cc576a8af7e1f1ad6fb5d0e5c8b,2018-02-09,38.99036771657613,-76.93636967505964,4,115,17:32:42
cb20c2ad84d7a2643ee83c96bb22bb7c04563cc576a8af7e1f1ad6fb5d0e5c8b,2018-02-09,38.99037193209425,-76.9363586474195,4,115,17:34:42
cb20c2ad84d7a2643ee83c96bb22bb7c04563cc576a8af7e1f1ad6fb5d0e5c8b,2018-02-09,38.99037193209425,-76.9363586474195,4,115,17:34:42
cb20c2ad84d7a2643ee83c96bb22bb7c04563cc576a8af7e1f1ad6fb5d0e5c8b,2018-02-09,38.99037193209425,-76.9363586474195,4,115,17:34:42
cb20c2ad84d7a2643ee83c96bb22bb7c04563cc576a8af7e1f1ad6fb5d0e5c8b,2018-02-09,38.990360544382966,-76.93639214580311,4,115,17:32:42
cb20c2ad84d7a2643ee83c96bb22bb7c04563cc576a8af7e1f1ad6fb5d0e5c8b,2018-02-09,38.99039503688415,-76.93629940651941,4,115,17:34:42
cb20c2ad84d7a2643ee83c96bb22bb7c04563cc576a8af7e1f1ad6fb5d0e5c8b,2018-02-09,38.99039503688415,-76.93629940651941,4,115,17:36:42
cb20c2ad84d7a2643ee83c96bb22bb7c04563cc576a8af7e1f1ad6fb5d0e5c8b,2018-02-09,38.99039503688415,-76.93629940651941,4,115,17:36:42
cb20c2ad84d7a2643ee83c96bb22bb7c04563cc576a8af7e1f1ad6fb5d0e5c8b,2018-02-09,38.99039503688415,-76.93629940651941,4,115,17:36:42
cb20c2ad84d7a2643ee83c96bb22bb7c04563cc576a8af7e1f1ad6fb5d0e5c8b,2018-02-09,38.99037828602835,-76.93629273517155,4,115,17:38:43
cb20c2ad84d7a2643ee83c96bb22bb7c04563cc576a8af7e1f1ad6fb5d0e5c8b,2018-02-09,38.99037828602835,-76.93629273517155,4,115,17:38:43
cb20c2ad84d7a2643ee83c96bb22bb7c04563cc576a8af7e1f1ad6fb5d0e5c8b,2018-02-09,38.99037828602835,-76.93629273517155,4,115,17:38:43
cb20c2ad84d7a2643ee83c96bb22bb7c04563cc576a8af7e1f1ad6fb5d0e5c8b,2018-02-09,38.99039503688415,-76.93629940651941,4,115,17:36:42
cb20c2ad84d7a2643ee83c96bb22bb7c04563cc576a8af7e1f1ad6fb5d0e5c8b,2018-02-09,38.99036053547457,-76.93639208650589,4,115,17:38:43
cb20c2ad84d7a2643ee83c96bb22bb7c04563cc576a8af7e1f1ad6fb5d0e5c8b,2018-02-09,38.990382687457426,-76.93638613469125,4,115,17:40:32
cb20c2ad84d7a2643ee83c96bb22bb7c04563cc576a8af7e1f1ad6fb5d0e5c8b,2018-02-09,38.990382687457426,-76.93638613469125,4,115,17:40:32
cb20c2ad84d7a2643ee83c96bb22bb7c04563cc576a8af7e1f1ad6fb5d0e5c8b,2018-02-09,38.990382687457426,-76.93638613469125,4,115,17:40:32
cb20c2ad84d7a2643ee83c96bb22bb7c04563cc576a8af7e1f1ad6fb5d0e5c8b,2018-02-09,38.99035465199842,-76.93629092058809,4,115,17:43:43
cb20c2ad84d7a2643ee83c96bb22bb7c04563cc576a8af7e1f1ad6fb5d0e5c8b,2018-02-09,38.99035465199842,-76.93629092058809,4,115,17:43:43
cb20c2ad84d7a2643ee83c96bb22bb7c04563cc576a8af7e1f1ad6fb5d0e5c8b,2018-02-09,38.9903511766622,-76.93630068150004,4,115,17:43:43
cb20c2ad84d7a2643ee83c96bb22bb7c04563cc576a8af7e1f1ad6fb5d0e5c8b,2018-02-09,38.9903511766622,-76.93630068150004,4,115,17:43:43
cb20c2ad84d7a2643ee83c96bb22bb7c04563cc576a8af7e1f1ad6fb5d0e5c8b,2018-02-09,38.9903511766622,-76.93630068150004,4,115,17:43:43
cb20c2ad84d7a2643ee83c96bb22bb7c04563cc576a8af7e1f1ad6fb5d0e5c8b,2018-02-09,38.99039135696703,-76.93637723887343,4,115,17:40:32
cb20c2ad84d7a2643ee83c96bb22bb7c04563cc576a8af7e1f1ad6fb5d0e5c8b,2018-02-09,38.99035465199842,-76.93629092058809,4,115,17:43:43
cb20c2ad84d7a2643ee83c96bb22bb7c04563cc576a8af7e1f1ad6fb5d0e5c8b,2018-02-09,38.990358954580906,-76.9363150085421,4,115,17:45:13
cb20c2ad84d7a2643ee83c96bb22bb7c04563cc576a8af7e1f1ad6fb5d0e5c8b,2018-02-09,38.990358954580906,-76.9363150085421,4,115,17:45:13
cb20c2ad84d7a2643ee83c96bb22bb7c04563cc576a8af7e1f1ad6fb5d0e5c8b,2018-02-09,38.99037542186819,-76.93635032261173,4,115,17:46:44
cb20c2ad84d7a2643ee83c96bb22bb7c04563cc576a8af7e1f1ad6fb5d0e5c8b,2018-02-09,38.99037542186819,-76.93635032261173,4,115,17:46:44
cb20c2ad84d7a2643ee83c96bb22bb7c04563cc576a8af7e1f1ad6fb5d0e5c8b,2018-02-09,38.990358954580906,-76.9363150085421,4,115,17:45:13
cb20c2ad84d7a2643ee83c96bb22bb7c04563cc576a8af7e1f1ad6fb5d0e5c8b,2018-02-09,38.99037542186819,-76.93635032261173,4,115,17:46:44
cb20c2ad84d7a2643ee83c96bb22bb7c04563cc576a8af7e1f1ad6fb5d0e5c8b,2018-02-09,38.9903511766622,-76.93630068150004,4,115,17:48:14
cb20c2ad84d7a2643ee83c96bb22bb7c04563cc576a8af7e1f1ad6fb5d0e5c8b,2018-02-09,38.9903511766622,-76.93630068150004,4,115,17:48:14
cb20c2ad84d7a2643ee83c96bb22bb7c04563cc576a8af7e1f1ad6fb5d0e5c8b,2018-02-09,38.990356263477906,-76.93628320156618,4,115,17:50:13
cb20c2ad84d7a2643ee83c96bb22bb7c04563cc576a8af7e1f1ad6fb5d0e5c8b,2018-02-09,38.990356263477906,-76.93628320156618,4,115,17:50:13
cb20c2ad84d7a2643ee83c96bb22bb7c04563cc576a8af7e1f1ad6fb5d0e5c8b,2018-02-09,38.990356263477906,-76.93628320156618,4,115,17:50:13
cb20c2ad84d7a2643ee83c96bb22bb7c04563cc576a8af7e1f1ad6fb5d0e5c8b,2018-02-09,38.9903511766622,-76.93630068150004,4,115,17:48:14
cb20c2ad84d7a2643ee83c96bb22bb7c04563cc576a8af7e1f1ad6fb5d0e5c8b,2018-02-09,38.99035795650171,-76.93635577592859,4,115,17:50:13
cb20c2ad84d7a2643ee83c96bb22bb7c04563cc576a8af7e1f1ad6fb5d0e5c8b,2018-02-09,38.990372995578745,-76.9362518410093,4,115,17:52:13
cb20c2ad84d7a2643ee83c96bb22bb7c04563cc576a8af7e1f1ad6fb5d0e5c8b,2018-02-09,38.990372995578745,-76.9362518410093,4,115,17:52:13
cb20c2ad84d7a2643ee83c96bb22bb7c04563cc576a8af7e1f1ad6fb5d0e5c8b,2018-02-09,38.990372995578745,-76.9362518410093,4,115,17:52:13
cb20c2ad84d7a2643ee83c96bb22bb7c04563cc576a8af7e1f1ad6fb5d0e5c8b,2018-02-09,38.990362213452265,-76.93632623945271,4,115,17:53:47
cb20c2ad84d7a2643ee83c96bb22bb7c04563cc576a8af7e1f1ad6fb5d0e5c8b,2018-02-09,38.990362213452265,-76.93632623945271,4,115,17:53:47
cb20c2ad84d7a2643ee83c96bb22bb7c04563cc576a8af7e1f1ad6fb5d0e5c8b,2018-02-09,38.99038097916159,-76.93629266161281,4,115,17:52:13
cb20c2ad84d7a2643ee83c96bb22bb7c04563cc576a8af7e1f1ad6fb5d0e5c8b,2018-02-09,38.990362213452265,-76.93632623945271,4,115,17:53:47
cb20c2ad84d7a2643ee83c96bb22bb7c04563cc576a8af7e1f1ad6fb5d0e5c8b,2018-02-09,38.99035136319386,-76.93636412741397,4,115,17:55:16
cb20c2ad84d7a2643ee83c96bb22bb7c04563cc576a8af7e1f1ad6fb5d0e5c8b,2018-02-09,38.99035136319386,-76.93636412741397,4,115,17:55:16
cb20c2ad84d7a2643ee83c96bb22bb7c04563cc576a8af7e1f1ad6fb5d0e5c8b,2018-02-09,38.99035136319386,-76.93636412741397,4,115,17:55:16
cb20c2ad84d7a2643ee83c96bb22bb7c04563cc576a8af7e1f1ad6fb5d0e5c8b,2018-02-09,38.99035136319386,-76.93636412741397,4,115,17:55:23
