LineNo,LUID,Date,Latitude,Longitude,Floor,BuildingID,Time
0,1693c816aabec8cf188172bf3b81a9ea16ea8d8558d9db39243a95aa176273e3,2018-02-09,38.991715338701724,-76.94267575842309,6,96,17:00:10
1,1693c816aabec8cf188172bf3b81a9ea16ea8d8558d9db39243a95aa176273e3,2018-02-09,38.991715338701724,-76.94267575842309,6,96,17:00:27
2,1693c816aabec8cf188172bf3b81a9ea16ea8d8558d9db39243a95aa176273e3,2018-02-09,38.99175096659725,-76.94285589324214,6,96,17:00:41
3,1693c816aabec8cf188172bf3b81a9ea16ea8d8558d9db39243a95aa176273e3,2018-02-09,38.99175096659725,-76.94285589324214,6,96,17:00:59
4,1693c816aabec8cf188172bf3b81a9ea16ea8d8558d9db39243a95aa176273e3,2018-02-09,38.99175096659725,-76.94285589324214,6,96,17:01:12
5,1693c816aabec8cf188172bf3b81a9ea16ea8d8558d9db39243a95aa176273e3,2018-02-09,38.99175096659725,-76.94285589324214,6,96,17:01:42
6,1693c816aabec8cf188172bf3b81a9ea16ea8d8558d9db39243a95aa176273e3,2018-02-09,38.99175096659725,-76.94285589324214,6,96,17:01:55
7,1693c816aabec8cf188172bf3b81a9ea16ea8d8558d9db39243a95aa176273e3,2018-02-09,38.99166691895546,-76.9426960755064,3,96,17:02:13
8,1693c816aabec8cf188172bf3b81a9ea16ea8d8558d9db39243a95aa176273e3,2018-02-09,38.99166691895546,-76.9426960755064,3,96,17:02:26
9,1693c816aabec8cf188172bf3b81a9ea16ea8d8558d9db39243a95aa176273e3,2018-02-09,38.99166691895546,-76.9426960755064,3,96,17:02:44
10,1693c816aabec8cf188172bf3b81a9ea16ea8d8558d9db39243a95aa176273e3,2018-02-09,38.99166691895546,-76.9426960755064,3,96,17:02:56
11,1693c816aabec8cf188172bf3b81a9ea16ea8d8558d9db39243a95aa176273e3,2018-02-09,38.99166703030966,-76.9426963306988,3,96,17:03:15
12,1693c816aabec8cf188172bf3b81a9ea16ea8d8558d9db39243a95aa176273e3,2018-02-09,38.99166703030966,-76.9426963306988,3,96,17:03:48
13,1693c816aabec8cf188172bf3b81a9ea16ea8d8558d9db39243a95aa176273e3,2018-02-09,38.99166703030966,-76.9426963306988,3,96,17:03:55
14,1693c816aabec8cf188172bf3b81a9ea16ea8d8558d9db39243a95aa176273e3,2018-02-09,38.99166703030966,-76.9426963306988,3,96,17:04:19
15,1693c816aabec8cf188172bf3b81a9ea16ea8d8558d9db39243a95aa176273e3,2018-02-09,38.991686981116,-76.94269200750173,3,96,17:04:49
16,1693c816aabec8cf188172bf3b81a9ea16ea8d8558d9db39243a95aa176273e3,2018-02-09,38.991686981116,-76.94269200750173,3,96,17:04:58
17,1693c816aabec8cf188172bf3b81a9ea16ea8d8558d9db39243a95aa176273e3,2018-02-09,38.991686981116,-76.94269200750173,3,96,17:05:20
18,1693c816aabec8cf188172bf3b81a9ea16ea8d8558d9db39243a95aa176273e3,2018-02-09,38.991686981116,-76.94269200750173,3,96,17:05:29
19,1693c816aabec8cf188172bf3b81a9ea16ea8d8558d9db39243a95aa176273e3,2018-02-09,38.99166703030966,-76.9426963306988,3,96,17:05:51
20,1693c816aabec8cf188172bf3b81a9ea16ea8d8558d9db39243a95aa176273e3,2018-02-09,38.99166703030966,-76.9426963306988,3,96,17:06:21
21,1693c816aabec8cf188172bf3b81a9ea16ea8d8558d9db39243a95aa176273e3,2018-02-09,38.99166703030966,-76.9426963306988,3,96,17:06:26
22,1693c816aabec8cf188172bf3b81a9ea16ea8d8558d9db39243a95aa176273e3,2018-02-09,38.99166703030966,-76.9426963306988,3,96,17:06:53
23,1693c816aabec8cf188172bf3b81a9ea16ea8d8558d9db39243a95aa176273e3,2018-02-09,38.991711128891396,-76.9426725745138,3,96,17:06:59
24,1693c816aabec8cf188172bf3b81a9ea16ea8d8558d9db39243a95aa176273e3,2018-02-09,38.99166703030966,-76.9426963306988,3,96,17:07:23
25,1693c816aabec8cf188172bf3b81a9ea16ea8d8558d9db39243a95aa176273e3,2018-02-09,38.99166703030966,-76.9426963306988,3,96,17:07:53
26,1693c816aabec8cf188172bf3b81a9ea16ea8d8558d9db39243a95aa176273e3,2018-02-09,38.99166703030966,-76.9426963306988,3,96,17:08:00
27,1693c816aabec8cf188172bf3b81a9ea16ea8d8558d9db39243a95aa176273e3,2018-02-09,38.99166703030966,-76.9426963306988,3,96,17:08:23
28,1693c816aabec8cf188172bf3b81a9ea16ea8d8558d9db39243a95aa176273e3,2018-02-09,38.99166703030966,-76.9426963306988,3,96,17:08:54
29,1693c816aabec8cf188172bf3b81a9ea16ea8d8558d9db39243a95aa176273e3,2018-02-09,38.99166703030966,-76.9426963306988,3,96,17:08:59
30,1693c816aabec8cf188172bf3b81a9ea16ea8d8558d9db39243a95aa176273e3,2018-02-09,38.99166703030966,-76.9426963306988,3,96,17:09:24
31,1693c816aabec8cf188172bf3b81a9ea16ea8d8558d9db39243a95aa176273e3,2018-02-09,38.99166703030966,-76.9426963306988,3,96,17:09:31
32,1693c816aabec8cf188172bf3b81a9ea16ea8d8558d9db39243a95aa176273e3,2018-02-09,38.99166703030966,-76.9426963306988,3,96,17:09:55
33,1693c816aabec8cf188172bf3b81a9ea16ea8d8558d9db39243a95aa176273e3,2018-02-09,38.99166703030966,-76.9426963306988,3,96,17:10:26
34,1693c816aabec8cf188172bf3b81a9ea16ea8d8558d9db39243a95aa176273e3,2018-02-09,38.99166703030966,-76.9426963306988,3,96,17:10:56
35,1693c816aabec8cf188172bf3b81a9ea16ea8d8558d9db39243a95aa176273e3,2018-02-09,38.99166703030966,-76.9426963306988,3,96,17:11:10
36,1693c816aabec8cf188172bf3b81a9ea16ea8d8558d9db39243a95aa176273e3,2018-02-09,38.99166703030966,-76.9426963306988,3,96,17:11:26
37,1693c816aabec8cf188172bf3b81a9ea16ea8d8558d9db39243a95aa176273e3,2018-02-09,38.99166703030966,-76.9426963306988,3,96,17:11:46
38,1693c816aabec8cf188172bf3b81a9ea16ea8d8558d9db39243a95aa176273e3,2018-02-09,38.99166703030966,-76.9426963306988,3,96,17:12:17
39,1693c816aabec8cf188172bf3b81a9ea16ea8d8558d9db39243a95aa176273e3,2018-02-09,38.99166703030966,-76.9426963306988,3,96,17:12:27
40,1693c816aabec8cf188172bf3b81a9ea16ea8d8558d9db39243a95aa176273e3,2018-02-09,38.99166703030966,-76.9426963306988,3,96,17:12:53
41,1693c816aabec8cf188172bf3b81a9ea16ea8d8558d9db39243a95aa176273e3,2018-02-09,38.99166703030966,-76.9426963306988,3,96,17:13:00
42,1693c816aabec8cf188172bf3b81a9ea16ea8d8558d9db39243a95aa176273e3,2018-02-09,38.99166703030966,-76.9426963306988,3,96,17:13:50
43,1693c816aabec8cf188172bf3b81a9ea16ea8d8558d9db39243a95aa176273e3,2018-02-09,38.99166703030966,-76.9426963306988,4,96,17:14:01
44,1693c816aabec8cf188172bf3b81a9ea16ea8d8558d9db39243a95aa176273e3,2018-02-09,38.99166703030966,-76.9426963306988,4,96,17:14:23
45,1693c816aabec8cf188172bf3b81a9ea16ea8d8558d9db39243a95aa176273e3,2018-02-09,38.99166703030966,-76.9426963306988,4,96,17:14:31
46,1693c816aabec8cf188172bf3b81a9ea16ea8d8558d9db39243a95aa176273e3,2018-02-09,38.99166703030966,-76.9426963306988,4,96,17:15:01
47,1693c816aabec8cf188172bf3b81a9ea16ea8d8558d9db39243a95aa176273e3,2018-02-09,38.99166703030966,-76.9426963306988,4,96,17:15:18
48,1693c816aabec8cf188172bf3b81a9ea16ea8d8558d9db39243a95aa176273e3,2018-02-09,38.99166703030966,-76.9426963306988,4,96,17:15:31
49,1693c816aabec8cf188172bf3b81a9ea16ea8d8558d9db39243a95aa176273e3,2018-02-09,38.99166703030966,-76.9426963306988,4,96,17:16:02
50,1693c816aabec8cf188172bf3b81a9ea16ea8d8558d9db39243a95aa176273e3,2018-02-09,38.99166703030966,-76.9426963306988,4,96,17:16:18
51,1693c816aabec8cf188172bf3b81a9ea16ea8d8558d9db39243a95aa176273e3,2018-02-09,38.991715338701724,-76.94267575842309,4,96,17:16:32
52,1693c816aabec8cf188172bf3b81a9ea16ea8d8558d9db39243a95aa176273e3,2018-02-09,38.991715338701724,-76.94267575842309,4,96,17:17:20
53,1693c816aabec8cf188172bf3b81a9ea16ea8d8558d9db39243a95aa176273e3,2018-02-09,38.99171089331825,-76.94267588423065,4,96,17:17:38
54,1693c816aabec8cf188172bf3b81a9ea16ea8d8558d9db39243a95aa176273e3,2018-02-09,38.99171089331825,-76.94267588423065,4,96,17:18:05
55,1693c816aabec8cf188172bf3b81a9ea16ea8d8558d9db39243a95aa176273e3,2018-02-09,38.99170698167005,-76.94268802085145,4,96,17:18:16
56,1693c816aabec8cf188172bf3b81a9ea16ea8d8558d9db39243a95aa176273e3,2018-02-09,38.99170698167005,-76.94268802085145,4,96,17:18:36
57,1693c816aabec8cf188172bf3b81a9ea16ea8d8558d9db39243a95aa176273e3,2018-02-09,38.99170698167005,-76.94268802085145,4,96,17:18:53
58,1693c816aabec8cf188172bf3b81a9ea16ea8d8558d9db39243a95aa176273e3,2018-02-09,38.99170698167005,-76.94268802085145,4,96,17:19:08
59,1693c816aabec8cf188172bf3b81a9ea16ea8d8558d9db39243a95aa176273e3,2018-02-09,38.99170698167005,-76.94268802085145,4,96,17:19:38
60,1693c816aabec8cf188172bf3b81a9ea16ea8d8558d9db39243a95aa176273e3,2018-02-09,38.99170698167005,-76.94268802085145,4,96,17:19:56
61,1693c816aabec8cf188172bf3b81a9ea16ea8d8558d9db39243a95aa176273e3,2018-02-09,38.991683050223216,-76.94271223583847,4,96,17:20:09
62,1693c816aabec8cf188172bf3b81a9ea16ea8d8558d9db39243a95aa176273e3,2018-02-09,38.991726972925626,-76.9428160391547,4,96,17:20:29
63,1693c816aabec8cf188172bf3b81a9ea16ea8d8558d9db39243a95aa176273e3,2018-02-09,38.991726972925626,-76.9428160391547,4,96,17:20:39
64,1693c816aabec8cf188172bf3b81a9ea16ea8d8558d9db39243a95aa176273e3,2018-02-09,38.991726972925626,-76.9428160391547,4,96,17:21:10
65,1693c816aabec8cf188172bf3b81a9ea16ea8d8558d9db39243a95aa176273e3,2018-02-09,38.991726972925626,-76.9428160391547,4,96,17:21:18
66,1693c816aabec8cf188172bf3b81a9ea16ea8d8558d9db39243a95aa176273e3,2018-02-09,38.99174509,-76.94289789,0,96,17:21:41
67,1693c816aabec8cf188172bf3b81a9ea16ea8d8558d9db39243a95aa176273e3,2018-02-09,38.99174509,-76.94289789,0,96,17:21:48
68,1693c816aabec8cf188172bf3b81a9ea16ea8d8558d9db39243a95aa176273e3,2018-02-09,38.99174509,-76.94289789,0,96,17:22:12
69,1693c816aabec8cf188172bf3b81a9ea16ea8d8558d9db39243a95aa176273e3,2018-02-09,38.99174509,-76.94289789,0,96,17:22:23
70,1693c816aabec8cf188172bf3b81a9ea16ea8d8558d9db39243a95aa176273e3,2018-02-09,38.99174509,-76.94289789,0,96,17:22:42
71,1693c816aabec8cf188172bf3b81a9ea16ea8d8558d9db39243a95aa176273e3,2018-02-09,38.991726972925626,-76.9428160391547,4,96,17:23:13
72,1693c816aabec8cf188172bf3b81a9ea16ea8d8558d9db39243a95aa176273e3,2018-02-09,38.991726972925626,-76.9428160391547,4,96,17:23:19
73,1693c816aabec8cf188172bf3b81a9ea16ea8d8558d9db39243a95aa176273e3,2018-02-09,38.991726972925626,-76.9428160391547,4,96,17:23:43
74,1693c816aabec8cf188172bf3b81a9ea16ea8d8558d9db39243a95aa176273e3,2018-02-09,38.991726972925626,-76.9428160391547,4,96,17:24:13
75,1693c816aabec8cf188172bf3b81a9ea16ea8d8558d9db39243a95aa176273e3,2018-02-09,38.991726972925626,-76.9428160391547,4,96,17:24:20
76,1693c816aabec8cf188172bf3b81a9ea16ea8d8558d9db39243a95aa176273e3,2018-02-09,38.991726972925626,-76.9428160391547,4,96,17:24:43
77,1693c816aabec8cf188172bf3b81a9ea16ea8d8558d9db39243a95aa176273e3,2018-02-09,38.991726972925626,-76.9428160391547,3,96,17:25:15
78,1693c816aabec8cf188172bf3b81a9ea16ea8d8558d9db39243a95aa176273e3,2018-02-09,38.991726972925626,-76.9428160391547,3,96,17:25:19
79,1693c816aabec8cf188172bf3b81a9ea16ea8d8558d9db39243a95aa176273e3,2018-02-09,38.991726972925626,-76.9428160391547,3,96,17:25:45
80,1693c816aabec8cf188172bf3b81a9ea16ea8d8558d9db39243a95aa176273e3,2018-02-09,38.991726972925626,-76.9428160391547,3,96,17:26:15
81,1693c816aabec8cf188172bf3b81a9ea16ea8d8558d9db39243a95aa176273e3,2018-02-09,38.991726972925626,-76.9428160391547,3,96,17:26:17
82,1693c816aabec8cf188172bf3b81a9ea16ea8d8558d9db39243a95aa176273e3,2018-02-09,38.991726972925626,-76.9428160391547,3,96,17:26:45
83,1693c816aabec8cf188172bf3b81a9ea16ea8d8558d9db39243a95aa176273e3,2018-02-09,38.991726972925626,-76.9428160391547,3,96,17:27:15
84,1693c816aabec8cf188172bf3b81a9ea16ea8d8558d9db39243a95aa176273e3,2018-02-09,38.991726972925626,-76.9428160391547,3,96,17:27:22
85,1693c816aabec8cf188172bf3b81a9ea16ea8d8558d9db39243a95aa176273e3,2018-02-09,38.99166703030966,-76.9426963306988,3,96,17:27:45
86,1693c816aabec8cf188172bf3b81a9ea16ea8d8558d9db39243a95aa176273e3,2018-02-09,38.99166703030966,-76.9426963306988,3,96,17:27:55
87,1693c816aabec8cf188172bf3b81a9ea16ea8d8558d9db39243a95aa176273e3,2018-02-09,38.99166703030966,-76.9426963306988,3,96,17:28:17
88,1693c816aabec8cf188172bf3b81a9ea16ea8d8558d9db39243a95aa176273e3,2018-02-09,38.99166703030966,-76.9426963306988,3,96,17:28:29
89,1693c816aabec8cf188172bf3b81a9ea16ea8d8558d9db39243a95aa176273e3,2018-02-09,38.99166703030966,-76.9426963306988,3,96,17:28:47
90,1693c816aabec8cf188172bf3b81a9ea16ea8d8558d9db39243a95aa176273e3,2018-02-09,38.99166703030966,-76.9426963306988,3,96,17:29:17
91,1693c816aabec8cf188172bf3b81a9ea16ea8d8558d9db39243a95aa176273e3,2018-02-09,38.99166703030966,-76.9426963306988,3,96,17:29:21
92,1693c816aabec8cf188172bf3b81a9ea16ea8d8558d9db39243a95aa176273e3,2018-02-09,38.99166703030966,-76.9426963306988,3,96,17:29:47
93,1693c816aabec8cf188172bf3b81a9ea16ea8d8558d9db39243a95aa176273e3,2018-02-09,38.99166703030966,-76.9426963306988,3,96,17:30:17
94,1693c816aabec8cf188172bf3b81a9ea16ea8d8558d9db39243a95aa176273e3,2018-02-09,38.99166703030966,-76.9426963306988,3,96,17:30:20
95,1693c816aabec8cf188172bf3b81a9ea16ea8d8558d9db39243a95aa176273e3,2018-02-09,38.99166703030966,-76.9426963306988,3,96,17:30:47
96,1693c816aabec8cf188172bf3b81a9ea16ea8d8558d9db39243a95aa176273e3,2018-02-09,38.99166703030966,-76.9426963306988,3,96,17:31:16
97,1693c816aabec8cf188172bf3b81a9ea16ea8d8558d9db39243a95aa176273e3,2018-02-09,38.99166703030966,-76.9426963306988,3,96,17:31:18
98,1693c816aabec8cf188172bf3b81a9ea16ea8d8558d9db39243a95aa176273e3,2018-02-09,38.991726972925626,-76.9428160391547,3,96,17:31:46
99,1693c816aabec8cf188172bf3b81a9ea16ea8d8558d9db39243a95aa176273e3,2018-02-09,38.991726972925626,-76.9428160391547,3,96,17:31:48
100,1693c816aabec8cf188172bf3b81a9ea16ea8d8558d9db39243a95aa176273e3,2018-02-09,38.991726972925626,-76.9428160391547,3,96,17:32:18
101,1693c816aabec8cf188172bf3b81a9ea16ea8d8558d9db39243a95aa176273e3,2018-02-09,38.991726972925626,-76.9428160391547,3,96,17:32:19
102,1693c816aabec8cf188172bf3b81a9ea16ea8d8558d9db39243a95aa176273e3,2018-02-09,38.991726972925626,-76.9428160391547,3,96,17:32:48
103,1693c816aabec8cf188172bf3b81a9ea16ea8d8558d9db39243a95aa176273e3,2018-02-09,38.991726972925626,-76.9428160391547,3,96,17:32:51
104,1693c816aabec8cf188172bf3b81a9ea16ea8d8558d9db39243a95aa176273e3,2018-02-09,38.991686981116,-76.94269200750173,3,96,17:33:18
105,1693c816aabec8cf188172bf3b81a9ea16ea8d8558d9db39243a95aa176273e3,2018-02-09,38.99170700503184,-76.94276404843774,3,96,17:33:26
106,1693c816aabec8cf188172bf3b81a9ea16ea8d8558d9db39243a95aa176273e3,2018-02-09,38.991686981116,-76.94269200750173,3,96,17:33:48
107,1693c816aabec8cf188172bf3b81a9ea16ea8d8558d9db39243a95aa176273e3,2018-02-09,38.991686981116,-76.94269200750173,3,96,17:34:19
108,1693c816aabec8cf188172bf3b81a9ea16ea8d8558d9db39243a95aa176273e3,2018-02-09,38.99166703030966,-76.9426963306988,3,96,17:34:19
109,1693c816aabec8cf188172bf3b81a9ea16ea8d8558d9db39243a95aa176273e3,2018-02-09,38.99166703030966,-76.9426963306988,3,96,17:34:49
110,1693c816aabec8cf188172bf3b81a9ea16ea8d8558d9db39243a95aa176273e3,2018-02-09,38.99166703030966,-76.9426963306988,3,96,17:35:20
111,1693c816aabec8cf188172bf3b81a9ea16ea8d8558d9db39243a95aa176273e3,2018-02-09,38.99166703030966,-76.9426963306988,3,96,17:35:23
112,1693c816aabec8cf188172bf3b81a9ea16ea8d8558d9db39243a95aa176273e3,2018-02-09,38.99166703030966,-76.9426963306988,3,96,17:35:50
113,1693c816aabec8cf188172bf3b81a9ea16ea8d8558d9db39243a95aa176273e3,2018-02-09,38.99166703030966,-76.9426963306988,3,96,17:36:20
115,1693c816aabec8cf188172bf3b81a9ea16ea8d8558d9db39243a95aa176273e3,2018-02-09,38.99166703030966,-76.9426963306988,3,96,17:36:50
116,1693c816aabec8cf188172bf3b81a9ea16ea8d8558d9db39243a95aa176273e3,2018-02-09,38.99166703030966,-76.9426963306988,3,96,17:36:52
117,1693c816aabec8cf188172bf3b81a9ea16ea8d8558d9db39243a95aa176273e3,2018-02-09,38.99166703030966,-76.9426963306988,3,96,17:37:21
118,1693c816aabec8cf188172bf3b81a9ea16ea8d8558d9db39243a95aa176273e3,2018-02-09,38.991726972925626,-76.9428160391547,3,96,17:37:22
119,1693c816aabec8cf188172bf3b81a9ea16ea8d8558d9db39243a95aa176273e3,2018-02-09,38.991686981116,-76.94269200750173,3,96,17:37:51
120,1693c816aabec8cf188172bf3b81a9ea16ea8d8558d9db39243a95aa176273e3,2018-02-09,38.991686981116,-76.94269200750173,3,96,17:38:21
121,1693c816aabec8cf188172bf3b81a9ea16ea8d8558d9db39243a95aa176273e3,2018-02-09,38.991686981116,-76.94269200750173,3,96,17:38:25
122,1693c816aabec8cf188172bf3b81a9ea16ea8d8558d9db39243a95aa176273e3,2018-02-09,38.991686981116,-76.94269200750173,3,96,17:38:51
123,1693c816aabec8cf188172bf3b81a9ea16ea8d8558d9db39243a95aa176273e3,2018-02-09,38.991686981116,-76.94269200750173,3,96,17:39:21
124,1693c816aabec8cf188172bf3b81a9ea16ea8d8558d9db39243a95aa176273e3,2018-02-09,38.991686981116,-76.94269200750173,3,96,17:39:27
125,1693c816aabec8cf188172bf3b81a9ea16ea8d8558d9db39243a95aa176273e3,2018-02-09,38.991686981116,-76.94269200750173,3,96,17:39:51
126,1693c816aabec8cf188172bf3b81a9ea16ea8d8558d9db39243a95aa176273e3,2018-02-09,38.991726972925626,-76.9428160391547,3,96,17:40:09
127,1693c816aabec8cf188172bf3b81a9ea16ea8d8558d9db39243a95aa176273e3,2018-02-09,38.991726972925626,-76.9428160391547,3,96,17:40:22
128,1693c816aabec8cf188172bf3b81a9ea16ea8d8558d9db39243a95aa176273e3,2018-02-09,38.991726972925626,-76.9428160391547,3,96,17:40:52
129,1693c816aabec8cf188172bf3b81a9ea16ea8d8558d9db39243a95aa176273e3,2018-02-09,38.991726972925626,-76.9428160391547,3,96,17:40:57
130,1693c816aabec8cf188172bf3b81a9ea16ea8d8558d9db39243a95aa176273e3,2018-02-09,38.991726972925626,-76.9428160391547,3,96,17:41:22
131,1693c816aabec8cf188172bf3b81a9ea16ea8d8558d9db39243a95aa176273e3,2018-02-09,38.991726972925626,-76.9428160391547,3,96,17:41:52
132,1693c816aabec8cf188172bf3b81a9ea16ea8d8558d9db39243a95aa176273e3,2018-02-09,38.991726972925626,-76.9428160391547,3,96,17:41:56
133,1693c816aabec8cf188172bf3b81a9ea16ea8d8558d9db39243a95aa176273e3,2018-02-09,38.99166703030966,-76.9426963306988,4,96,17:42:30
134,1693c816aabec8cf188172bf3b81a9ea16ea8d8558d9db39243a95aa176273e3,2018-02-09,38.99166703030966,-76.9426963306988,4,96,17:42:52
135,1693c816aabec8cf188172bf3b81a9ea16ea8d8558d9db39243a95aa176273e3,2018-02-09,38.99166703030966,-76.9426963306988,4,96,17:43:23
136,1693c816aabec8cf188172bf3b81a9ea16ea8d8558d9db39243a95aa176273e3,2018-02-09,38.99166703030966,-76.9426963306988,4,96,17:43:26
137,1693c816aabec8cf188172bf3b81a9ea16ea8d8558d9db39243a95aa176273e3,2018-02-09,38.99166703030966,-76.9426963306988,4,96,17:43:53
138,1693c816aabec8cf188172bf3b81a9ea16ea8d8558d9db39243a95aa176273e3,2018-02-09,38.99166703030966,-76.9426963306988,4,96,17:43:58
139,1693c816aabec8cf188172bf3b81a9ea16ea8d8558d9db39243a95aa176273e3,2018-02-09,38.99166703030966,-76.9426963306988,4,96,17:44:23
140,1693c816aabec8cf188172bf3b81a9ea16ea8d8558d9db39243a95aa176273e3,2018-02-09,38.991686981116,-76.94269200750173,4,96,17:44:52
141,1693c816aabec8cf188172bf3b81a9ea16ea8d8558d9db39243a95aa176273e3,2018-02-09,38.991686981116,-76.94269200750173,4,96,17:44:53
142,1693c816aabec8cf188172bf3b81a9ea16ea8d8558d9db39243a95aa176273e3,2018-02-09,38.991686981116,-76.94269200750173,4,96,17:45:23
143,1693c816aabec8cf188172bf3b81a9ea16ea8d8558d9db39243a95aa176273e3,2018-02-09,38.991686981116,-76.94269200750173,4,96,17:45:46
144,1693c816aabec8cf188172bf3b81a9ea16ea8d8558d9db39243a95aa176273e3,2018-02-09,38.991686981116,-76.94269200750173,4,96,17:45:56
145,1693c816aabec8cf188172bf3b81a9ea16ea8d8558d9db39243a95aa176273e3,2018-02-09,38.99170700503184,-76.94276404843774,4,96,17:46:17
146,1693c816aabec8cf188172bf3b81a9ea16ea8d8558d9db39243a95aa176273e3,2018-02-09,38.99171076467432,-76.94267196851236,4,96,17:46:28
147,1693c816aabec8cf188172bf3b81a9ea16ea8d8558d9db39243a95aa176273e3,2018-02-09,38.99171076467432,-76.94267196851236,4,96,17:46:59
148,1693c816aabec8cf188172bf3b81a9ea16ea8d8558d9db39243a95aa176273e3,2018-02-09,38.99171076467432,-76.94267196851236,4,96,17:47:16
149,1693c816aabec8cf188172bf3b81a9ea16ea8d8558d9db39243a95aa176273e3,2018-02-09,38.99171075631679,-76.94268345945802,4,96,17:47:29
150,1693c816aabec8cf188172bf3b81a9ea16ea8d8558d9db39243a95aa176273e3,2018-02-09,38.99171075631679,-76.94268345945802,4,96,17:48:00
151,1693c816aabec8cf188172bf3b81a9ea16ea8d8558d9db39243a95aa176273e3,2018-02-09,38.99171075631679,-76.94268345945802,4,96,17:48:16
152,1693c816aabec8cf188172bf3b81a9ea16ea8d8558d9db39243a95aa176273e3,2018-02-09,38.99171075631679,-76.94268345945802,4,96,17:48:30
153,1693c816aabec8cf188172bf3b81a9ea16ea8d8558d9db39243a95aa176273e3,2018-02-09,38.991686981116,-76.94269200750173,4,96,17:49:01
154,1693c816aabec8cf188172bf3b81a9ea16ea8d8558d9db39243a95aa176273e3,2018-02-09,38.991686981116,-76.94269200750173,4,96,17:49:17
155,1693c816aabec8cf188172bf3b81a9ea16ea8d8558d9db39243a95aa176273e3,2018-02-09,38.99171075631679,-76.94268345945802,4,96,17:49:32
156,1693c816aabec8cf188172bf3b81a9ea16ea8d8558d9db39243a95aa176273e3,2018-02-09,38.99171076467432,-76.94267196851236,4,96,17:49:49
157,1693c816aabec8cf188172bf3b81a9ea16ea8d8558d9db39243a95aa176273e3,2018-02-09,38.99171076467432,-76.94267196851236,4,96,17:50:05
158,1693c816aabec8cf188172bf3b81a9ea16ea8d8558d9db39243a95aa176273e3,2018-02-09,38.99171075631679,-76.94268345945802,4,96,17:50:35
159,1693c816aabec8cf188172bf3b81a9ea16ea8d8558d9db39243a95aa176273e3,2018-02-09,38.99171075631679,-76.94268345945802,4,96,17:50:49
160,1693c816aabec8cf188172bf3b81a9ea16ea8d8558d9db39243a95aa176273e3,2018-02-09,38.99171075631679,-76.94268345945802,4,96,17:51:39
161,1693c816aabec8cf188172bf3b81a9ea16ea8d8558d9db39243a95aa176273e3,2018-02-09,38.99171075631679,-76.94268345945802,4,96,17:51:52
162,1693c816aabec8cf188172bf3b81a9ea16ea8d8558d9db39243a95aa176273e3,2018-02-09,38.99171075631679,-76.94268345945802,4,96,17:52:12
163,1693c816aabec8cf188172bf3b81a9ea16ea8d8558d9db39243a95aa176273e3,2018-02-09,38.991686981116,-76.94269200750173,4,96,17:52:25
164,1693c816aabec8cf188172bf3b81a9ea16ea8d8558d9db39243a95aa176273e3,2018-02-09,38.991686981116,-76.94269200750173,4,96,17:52:42
165,1693c816aabec8cf188172bf3b81a9ea16ea8d8558d9db39243a95aa176273e3,2018-02-09,38.99171075631679,-76.94268345945802,4,96,17:53:13
166,1693c816aabec8cf188172bf3b81a9ea16ea8d8558d9db39243a95aa176273e3,2018-02-09,38.99166703030966,-76.9426963306988,3,96,17:53:17
167,1693c816aabec8cf188172bf3b81a9ea16ea8d8558d9db39243a95aa176273e3,2018-02-09,38.99166703030966,-76.9426963306988,3,96,17:54:16
168,1693c816aabec8cf188172bf3b81a9ea16ea8d8558d9db39243a95aa176273e3,2018-02-09,38.99166703030966,-76.9426963306988,3,96,17:54:24
169,1693c816aabec8cf188172bf3b81a9ea16ea8d8558d9db39243a95aa176273e3,2018-02-09,38.99166703030966,-76.9426963306988,3,96,17:54:46
170,1693c816aabec8cf188172bf3b81a9ea16ea8d8558d9db39243a95aa176273e3,2018-02-09,38.99166691895546,-76.9426960755064,3,96,17:54:55
171,1693c816aabec8cf188172bf3b81a9ea16ea8d8558d9db39243a95aa176273e3,2018-02-09,38.99166691895546,-76.9426960755064,3,96,17:55:18
172,1693c816aabec8cf188172bf3b81a9ea16ea8d8558d9db39243a95aa176273e3,2018-02-09,38.99170700503184,-76.94276404843774,3,96,17:55:48
173,1693c816aabec8cf188172bf3b81a9ea16ea8d8558d9db39243a95aa176273e3,2018-02-09,38.99170700503184,-76.94276404843774,3,96,17:55:55
174,1693c816aabec8cf188172bf3b81a9ea16ea8d8558d9db39243a95aa176273e3,2018-02-09,38.99166691895546,-76.9426960755064,3,96,17:56:18
175,1693c816aabec8cf188172bf3b81a9ea16ea8d8558d9db39243a95aa176273e3,2018-02-09,38.99166691895546,-76.9426960755064,3,96,17:56:28
176,1693c816aabec8cf188172bf3b81a9ea16ea8d8558d9db39243a95aa176273e3,2018-02-09,38.99166691895546,-76.9426960755064,3,96,17:56:48
177,1693c816aabec8cf188172bf3b81a9ea16ea8d8558d9db39243a95aa176273e3,2018-02-09,38.99166691895546,-76.9426960755064,3,96,17:57:18
178,1693c816aabec8cf188172bf3b81a9ea16ea8d8558d9db39243a95aa176273e3,2018-02-09,38.99166691895546,-76.9426960755064,3,96,17:57:27
179,1693c816aabec8cf188172bf3b81a9ea16ea8d8558d9db39243a95aa176273e3,2018-02-09,38.99166691895546,-76.9426960755064,3,96,17:57:48
180,1693c816aabec8cf188172bf3b81a9ea16ea8d8558d9db39243a95aa176273e3,2018-02-09,38.99176697767275,-76.94263987110705,3,96,17:58:19
181,1693c816aabec8cf188172bf3b81a9ea16ea8d8558d9db39243a95aa176273e3,2018-02-09,38.99176697767275,-76.94263987110705,3,96,17:58:24
182,1693c816aabec8cf188172bf3b81a9ea16ea8d8558d9db39243a95aa176273e3,2018-02-09,38.99169095662277,-76.94268783633946,4,96,17:58:49
183,1693c816aabec8cf188172bf3b81a9ea16ea8d8558d9db39243a95aa176273e3,2018-02-09,38.99169095662277,-76.94268783633946,4,96,17:59:19
184,1693c816aabec8cf188172bf3b81a9ea16ea8d8558d9db39243a95aa176273e3,2018-02-09,38.99169095662277,-76.94268783633946,4,96,17:59:23
185,1693c816aabec8cf188172bf3b81a9ea16ea8d8558d9db39243a95aa176273e3,2018-02-09,38.99169095662277,-76.94268783633946,4,96,17:59:49
186,1492af36de54453fc77dd88b5d7e13e4636d08ef916c1c286be76392c16a8ed3,2018-02-09,38.99232153602164,-76.94211627929063,7,98,17:00:21
187,1492af36de54453fc77dd88b5d7e13e4636d08ef916c1c286be76392c16a8ed3,2018-02-09,38.99232153602164,-76.94211627929063,7,98,17:00:42
188,1492af36de54453fc77dd88b5d7e13e4636d08ef916c1c286be76392c16a8ed3,2018-02-09,38.99232153602164,-76.94211627929063,7,98,17:01:43
189,1492af36de54453fc77dd88b5d7e13e4636d08ef916c1c286be76392c16a8ed3,2018-02-09,38.99232153602164,-76.94211627929063,7,98,17:02:13
190,1492af36de54453fc77dd88b5d7e13e4636d08ef916c1c286be76392c16a8ed3,2018-02-09,38.99232153602164,-76.94211627929063,7,98,17:02:33
191,1492af36de54453fc77dd88b5d7e13e4636d08ef916c1c286be76392c16a8ed3,2018-02-09,38.99232153602164,-76.94211627929063,7,98,17:02:44
192,1492af36de54453fc77dd88b5d7e13e4636d08ef916c1c286be76392c16a8ed3,2018-02-09,38.99232153602164,-76.94211627929063,7,98,17:03:13
193,1492af36de54453fc77dd88b5d7e13e4636d08ef916c1c286be76392c16a8ed3,2018-02-09,38.99232153602164,-76.94211627929063,7,98,17:03:14
194,1492af36de54453fc77dd88b5d7e13e4636d08ef916c1c286be76392c16a8ed3,2018-02-09,38.99232153602164,-76.94211627929063,7,98,17:03:44
195,1492af36de54453fc77dd88b5d7e13e4636d08ef916c1c286be76392c16a8ed3,2018-02-09,38.99232153602164,-76.94211627929063,7,98,17:04:15
196,1492af36de54453fc77dd88b5d7e13e4636d08ef916c1c286be76392c16a8ed3,2018-02-09,38.99232153602164,-76.94211627929063,7,98,17:04:48
197,1492af36de54453fc77dd88b5d7e13e4636d08ef916c1c286be76392c16a8ed3,2018-02-09,38.99232153602164,-76.94211627929063,7,98,17:05:12
198,1492af36de54453fc77dd88b5d7e13e4636d08ef916c1c286be76392c16a8ed3,2018-02-09,38.99232153602164,-76.94211627929063,7,98,17:05:18
199,1492af36de54453fc77dd88b5d7e13e4636d08ef916c1c286be76392c16a8ed3,2018-02-09,38.99232153602164,-76.94211627929063,7,98,17:05:48
200,1492af36de54453fc77dd88b5d7e13e4636d08ef916c1c286be76392c16a8ed3,2018-02-09,38.99232153602164,-76.94211627929063,7,98,17:06:18
201,1492af36de54453fc77dd88b5d7e13e4636d08ef916c1c286be76392c16a8ed3,2018-02-09,38.99232153602164,-76.94211627929063,7,98,17:06:49
202,1492af36de54453fc77dd88b5d7e13e4636d08ef916c1c286be76392c16a8ed3,2018-02-09,38.99232153602164,-76.94211627929063,7,98,17:07:19
203,1492af36de54453fc77dd88b5d7e13e4636d08ef916c1c286be76392c16a8ed3,2018-02-09,38.99232153602164,-76.94211627929063,7,98,17:07:49
204,1492af36de54453fc77dd88b5d7e13e4636d08ef916c1c286be76392c16a8ed3,2018-02-09,38.99232153602164,-76.94211627929063,7,98,17:07:52
205,1492af36de54453fc77dd88b5d7e13e4636d08ef916c1c286be76392c16a8ed3,2018-02-09,38.99232153602164,-76.94211627929063,5,98,17:08:19
206,1492af36de54453fc77dd88b5d7e13e4636d08ef916c1c286be76392c16a8ed3,2018-02-09,38.99232153602164,-76.94211627929063,5,98,17:08:49
207,1492af36de54453fc77dd88b5d7e13e4636d08ef916c1c286be76392c16a8ed3,2018-02-09,38.99232153602164,-76.94211627929063,5,98,17:09:41
208,1492af36de54453fc77dd88b5d7e13e4636d08ef916c1c286be76392c16a8ed3,2018-02-09,38.99232153602164,-76.94211627929063,5,98,17:09:43
209,1492af36de54453fc77dd88b5d7e13e4636d08ef916c1c286be76392c16a8ed3,2018-02-09,38.99232153602164,-76.94211627929063,5,98,17:10:11
210,1492af36de54453fc77dd88b5d7e13e4636d08ef916c1c286be76392c16a8ed3,2018-02-09,38.99232153602164,-76.94211627929063,5,98,17:10:44
211,1492af36de54453fc77dd88b5d7e13e4636d08ef916c1c286be76392c16a8ed3,2018-02-09,38.99232153602164,-76.94211627929063,5,98,17:10:47
212,1492af36de54453fc77dd88b5d7e13e4636d08ef916c1c286be76392c16a8ed3,2018-02-09,38.99232153602164,-76.94211627929063,5,98,17:11:14
213,1492af36de54453fc77dd88b5d7e13e4636d08ef916c1c286be76392c16a8ed3,2018-02-09,38.99232153602164,-76.94211627929063,5,98,17:11:41
214,1492af36de54453fc77dd88b5d7e13e4636d08ef916c1c286be76392c16a8ed3,2018-02-09,38.99232153602164,-76.94211627929063,5,98,17:11:45
215,1492af36de54453fc77dd88b5d7e13e4636d08ef916c1c286be76392c16a8ed3,2018-02-09,38.99232153602164,-76.94211627929063,5,98,17:12:15
216,1492af36de54453fc77dd88b5d7e13e4636d08ef916c1c286be76392c16a8ed3,2018-02-09,38.99232153602164,-76.94211627929063,5,98,17:12:34
217,1492af36de54453fc77dd88b5d7e13e4636d08ef916c1c286be76392c16a8ed3,2018-02-09,38.99232153602164,-76.94211627929063,5,98,17:12:45
218,1492af36de54453fc77dd88b5d7e13e4636d08ef916c1c286be76392c16a8ed3,2018-02-09,38.99232153602164,-76.94211627929063,5,98,17:13:05
219,1492af36de54453fc77dd88b5d7e13e4636d08ef916c1c286be76392c16a8ed3,2018-02-09,38.99232153602164,-76.94211627929063,5,98,17:13:15
220,1492af36de54453fc77dd88b5d7e13e4636d08ef916c1c286be76392c16a8ed3,2018-02-09,38.99232153602164,-76.94211627929063,5,98,17:13:45
221,1492af36de54453fc77dd88b5d7e13e4636d08ef916c1c286be76392c16a8ed3,2018-02-09,38.99232153602164,-76.94211627929063,5,98,17:14:06
222,1492af36de54453fc77dd88b5d7e13e4636d08ef916c1c286be76392c16a8ed3,2018-02-09,38.99232153602164,-76.94211627929063,5,98,17:14:15
223,1492af36de54453fc77dd88b5d7e13e4636d08ef916c1c286be76392c16a8ed3,2018-02-09,38.99232153602164,-76.94211627929063,5,98,17:14:48
224,1492af36de54453fc77dd88b5d7e13e4636d08ef916c1c286be76392c16a8ed3,2018-02-09,38.99232153602164,-76.94211627929063,5,98,17:14:51
225,1492af36de54453fc77dd88b5d7e13e4636d08ef916c1c286be76392c16a8ed3,2018-02-09,38.99232153602164,-76.94211627929063,5,98,17:15:18
226,1492af36de54453fc77dd88b5d7e13e4636d08ef916c1c286be76392c16a8ed3,2018-02-09,38.99232153602164,-76.94211627929063,5,98,17:15:33
227,1492af36de54453fc77dd88b5d7e13e4636d08ef916c1c286be76392c16a8ed3,2018-02-09,38.99232153602164,-76.94211627929063,5,98,17:15:48
228,1492af36de54453fc77dd88b5d7e13e4636d08ef916c1c286be76392c16a8ed3,2018-02-09,38.99232153602164,-76.94211627929063,5,98,17:16:16
229,1492af36de54453fc77dd88b5d7e13e4636d08ef916c1c286be76392c16a8ed3,2018-02-09,38.99232153602164,-76.94211627929063,5,98,17:16:18
230,1492af36de54453fc77dd88b5d7e13e4636d08ef916c1c286be76392c16a8ed3,2018-02-09,38.99232153602164,-76.94211627929063,5,98,17:16:48
231,1492af36de54453fc77dd88b5d7e13e4636d08ef916c1c286be76392c16a8ed3,2018-02-09,38.99232153602164,-76.94211627929063,5,98,17:17:18
232,1492af36de54453fc77dd88b5d7e13e4636d08ef916c1c286be76392c16a8ed3,2018-02-09,38.99232153602164,-76.94211627929063,5,98,17:17:48
233,1492af36de54453fc77dd88b5d7e13e4636d08ef916c1c286be76392c16a8ed3,2018-02-09,38.99232153602164,-76.94211627929063,5,98,17:18:01
234,1492af36de54453fc77dd88b5d7e13e4636d08ef916c1c286be76392c16a8ed3,2018-02-09,38.99232153602164,-76.94211627929063,5,98,17:18:19
235,1492af36de54453fc77dd88b5d7e13e4636d08ef916c1c286be76392c16a8ed3,2018-02-09,38.99232153602164,-76.94211627929063,5,98,17:18:50
236,1492af36de54453fc77dd88b5d7e13e4636d08ef916c1c286be76392c16a8ed3,2018-02-09,38.99233814781998,-76.94214315112623,7,98,17:19:21
237,1492af36de54453fc77dd88b5d7e13e4636d08ef916c1c286be76392c16a8ed3,2018-02-09,38.99233814781998,-76.94214315112623,7,98,17:19:51
238,1492af36de54453fc77dd88b5d7e13e4636d08ef916c1c286be76392c16a8ed3,2018-02-09,38.99233814781998,-76.94214315112623,7,98,17:20:21
239,1492af36de54453fc77dd88b5d7e13e4636d08ef916c1c286be76392c16a8ed3,2018-02-09,38.99233814781998,-76.94214315112623,7,98,17:20:51
240,1492af36de54453fc77dd88b5d7e13e4636d08ef916c1c286be76392c16a8ed3,2018-02-09,38.99233814781998,-76.94214315112623,7,98,17:20:58
241,1492af36de54453fc77dd88b5d7e13e4636d08ef916c1c286be76392c16a8ed3,2018-02-09,38.99233814781998,-76.94214315112623,7,98,17:21:21
242,1492af36de54453fc77dd88b5d7e13e4636d08ef916c1c286be76392c16a8ed3,2018-02-09,38.99233814781998,-76.94214315112623,7,98,17:21:51
243,1492af36de54453fc77dd88b5d7e13e4636d08ef916c1c286be76392c16a8ed3,2018-02-09,38.99233814781998,-76.94214315112623,7,98,17:21:53
244,1492af36de54453fc77dd88b5d7e13e4636d08ef916c1c286be76392c16a8ed3,2018-02-09,38.99233814781998,-76.94214315112623,7,98,17:22:21
245,1492af36de54453fc77dd88b5d7e13e4636d08ef916c1c286be76392c16a8ed3,2018-02-09,38.99233814781998,-76.94214315112623,7,98,17:22:36
246,1492af36de54453fc77dd88b5d7e13e4636d08ef916c1c286be76392c16a8ed3,2018-02-09,38.99233814781998,-76.94214315112623,7,98,17:22:51
247,1492af36de54453fc77dd88b5d7e13e4636d08ef916c1c286be76392c16a8ed3,2018-02-09,38.99233814781998,-76.94214315112623,7,98,17:23:21
248,1492af36de54453fc77dd88b5d7e13e4636d08ef916c1c286be76392c16a8ed3,2018-02-09,38.99233814781998,-76.94214315112623,7,98,17:23:51
249,1492af36de54453fc77dd88b5d7e13e4636d08ef916c1c286be76392c16a8ed3,2018-02-09,38.99233814781998,-76.94214315112623,7,98,17:24:21
250,1492af36de54453fc77dd88b5d7e13e4636d08ef916c1c286be76392c16a8ed3,2018-02-09,38.99233814781998,-76.94214315112623,7,98,17:24:51
251,1492af36de54453fc77dd88b5d7e13e4636d08ef916c1c286be76392c16a8ed3,2018-02-09,38.99233814781998,-76.94214315112623,7,98,17:25:21
252,1492af36de54453fc77dd88b5d7e13e4636d08ef916c1c286be76392c16a8ed3,2018-02-09,38.99233814781998,-76.94214315112623,7,98,17:25:51
253,1492af36de54453fc77dd88b5d7e13e4636d08ef916c1c286be76392c16a8ed3,2018-02-09,38.99233814781998,-76.94214315112623,7,98,17:25:54
254,1492af36de54453fc77dd88b5d7e13e4636d08ef916c1c286be76392c16a8ed3,2018-02-09,38.99233814781998,-76.94214315112623,7,98,17:26:21
255,1492af36de54453fc77dd88b5d7e13e4636d08ef916c1c286be76392c16a8ed3,2018-02-09,38.99233814781998,-76.94214315112623,7,98,17:26:52
256,1492af36de54453fc77dd88b5d7e13e4636d08ef916c1c286be76392c16a8ed3,2018-02-09,38.99233814781998,-76.94214315112623,7,98,17:27:22
257,1492af36de54453fc77dd88b5d7e13e4636d08ef916c1c286be76392c16a8ed3,2018-02-09,38.99233814781998,-76.94214315112623,7,98,17:27:52
258,1492af36de54453fc77dd88b5d7e13e4636d08ef916c1c286be76392c16a8ed3,2018-02-09,38.99233814781998,-76.94214315112623,7,98,17:28:24
259,1492af36de54453fc77dd88b5d7e13e4636d08ef916c1c286be76392c16a8ed3,2018-02-09,38.99233814781998,-76.94214315112623,7,98,17:28:54
260,1492af36de54453fc77dd88b5d7e13e4636d08ef916c1c286be76392c16a8ed3,2018-02-09,38.99233814781998,-76.94214315112623,7,98,17:29:24
261,1492af36de54453fc77dd88b5d7e13e4636d08ef916c1c286be76392c16a8ed3,2018-02-09,38.99233814781998,-76.94214315112623,7,98,17:29:54
262,1492af36de54453fc77dd88b5d7e13e4636d08ef916c1c286be76392c16a8ed3,2018-02-09,38.99233814781998,-76.94214315112623,7,98,17:30:27
263,1492af36de54453fc77dd88b5d7e13e4636d08ef916c1c286be76392c16a8ed3,2018-02-09,38.99233814781998,-76.94214315112623,7,98,17:30:57
264,1492af36de54453fc77dd88b5d7e13e4636d08ef916c1c286be76392c16a8ed3,2018-02-09,38.99233814781998,-76.94214315112623,7,98,17:31:56
265,1492af36de54453fc77dd88b5d7e13e4636d08ef916c1c286be76392c16a8ed3,2018-02-09,38.99233814781998,-76.94214315112623,7,98,17:31:57
266,1492af36de54453fc77dd88b5d7e13e4636d08ef916c1c286be76392c16a8ed3,2018-02-09,38.99233814781998,-76.94214315112623,7,98,17:32:26
267,1492af36de54453fc77dd88b5d7e13e4636d08ef916c1c286be76392c16a8ed3,2018-02-09,38.99233814781998,-76.94214315112623,7,98,17:32:57
268,1492af36de54453fc77dd88b5d7e13e4636d08ef916c1c286be76392c16a8ed3,2018-02-09,38.99233814781998,-76.94214315112623,7,98,17:33:13
269,1492af36de54453fc77dd88b5d7e13e4636d08ef916c1c286be76392c16a8ed3,2018-02-09,38.99233814781998,-76.94214315112623,7,98,17:33:27
270,1492af36de54453fc77dd88b5d7e13e4636d08ef916c1c286be76392c16a8ed3,2018-02-09,38.99233814781998,-76.94214315112623,7,98,17:33:57
271,1492af36de54453fc77dd88b5d7e13e4636d08ef916c1c286be76392c16a8ed3,2018-02-09,38.99233814781998,-76.94214315112623,7,98,17:34:58
272,1492af36de54453fc77dd88b5d7e13e4636d08ef916c1c286be76392c16a8ed3,2018-02-09,38.99233814781998,-76.94214315112623,7,98,17:35:14
273,1492af36de54453fc77dd88b5d7e13e4636d08ef916c1c286be76392c16a8ed3,2018-02-09,38.99233814781998,-76.94214315112623,7,98,17:35:30
274,1492af36de54453fc77dd88b5d7e13e4636d08ef916c1c286be76392c16a8ed3,2018-02-09,38.99233814781998,-76.94214315112623,7,98,17:36:00
275,1492af36de54453fc77dd88b5d7e13e4636d08ef916c1c286be76392c16a8ed3,2018-02-09,38.99233814781998,-76.94214315112623,7,98,17:36:30
276,1492af36de54453fc77dd88b5d7e13e4636d08ef916c1c286be76392c16a8ed3,2018-02-09,38.99233814781998,-76.94214315112623,7,98,17:37:00
277,1492af36de54453fc77dd88b5d7e13e4636d08ef916c1c286be76392c16a8ed3,2018-02-09,38.99233814781998,-76.94214315112623,7,98,17:37:31
278,1492af36de54453fc77dd88b5d7e13e4636d08ef916c1c286be76392c16a8ed3,2018-02-09,38.99233814781998,-76.94214315112623,7,98,17:38:13
279,1492af36de54453fc77dd88b5d7e13e4636d08ef916c1c286be76392c16a8ed3,2018-02-09,38.99233814781998,-76.94214315112623,7,98,17:38:43
280,1492af36de54453fc77dd88b5d7e13e4636d08ef916c1c286be76392c16a8ed3,2018-02-09,38.99233814781998,-76.94214315112623,7,98,17:39:13
281,1492af36de54453fc77dd88b5d7e13e4636d08ef916c1c286be76392c16a8ed3,2018-02-09,38.99233814781998,-76.94214315112623,7,98,17:39:43
282,1492af36de54453fc77dd88b5d7e13e4636d08ef916c1c286be76392c16a8ed3,2018-02-09,38.99233814781998,-76.94214315112623,7,98,17:40:13
283,1492af36de54453fc77dd88b5d7e13e4636d08ef916c1c286be76392c16a8ed3,2018-02-09,38.99233814781998,-76.94214315112623,7,98,17:40:43
284,1492af36de54453fc77dd88b5d7e13e4636d08ef916c1c286be76392c16a8ed3,2018-02-09,38.99233814781998,-76.94214315112623,7,98,17:41:14
285,1492af36de54453fc77dd88b5d7e13e4636d08ef916c1c286be76392c16a8ed3,2018-02-09,38.99233814781998,-76.94214315112623,7,98,17:41:44
286,1492af36de54453fc77dd88b5d7e13e4636d08ef916c1c286be76392c16a8ed3,2018-02-09,38.99233814781998,-76.94214315112623,7,98,17:42:14
287,1492af36de54453fc77dd88b5d7e13e4636d08ef916c1c286be76392c16a8ed3,2018-02-09,38.99233814781998,-76.94214315112623,7,98,17:42:23
288,1492af36de54453fc77dd88b5d7e13e4636d08ef916c1c286be76392c16a8ed3,2018-02-09,38.99233814781998,-76.94214315112623,7,98,17:42:44
289,1492af36de54453fc77dd88b5d7e13e4636d08ef916c1c286be76392c16a8ed3,2018-02-09,38.99233814781998,-76.94214315112623,7,98,17:43:14
290,1492af36de54453fc77dd88b5d7e13e4636d08ef916c1c286be76392c16a8ed3,2018-02-09,38.99233814781998,-76.94214315112623,7,98,17:43:40
291,1492af36de54453fc77dd88b5d7e13e4636d08ef916c1c286be76392c16a8ed3,2018-02-09,38.99233814781998,-76.94214315112623,7,98,17:43:44
292,1492af36de54453fc77dd88b5d7e13e4636d08ef916c1c286be76392c16a8ed3,2018-02-09,38.99233814781998,-76.94214315112623,7,98,17:44:14
293,1492af36de54453fc77dd88b5d7e13e4636d08ef916c1c286be76392c16a8ed3,2018-02-09,38.99233814781998,-76.94214315112623,7,98,17:44:44
294,1492af36de54453fc77dd88b5d7e13e4636d08ef916c1c286be76392c16a8ed3,2018-02-09,38.99233814781998,-76.94214315112623,7,98,17:45:14
295,1492af36de54453fc77dd88b5d7e13e4636d08ef916c1c286be76392c16a8ed3,2018-02-09,38.99233814781998,-76.94214315112623,7,98,17:45:24
296,1492af36de54453fc77dd88b5d7e13e4636d08ef916c1c286be76392c16a8ed3,2018-02-09,38.99233814781998,-76.94214315112623,7,98,17:45:44
297,1492af36de54453fc77dd88b5d7e13e4636d08ef916c1c286be76392c16a8ed3,2018-02-09,38.99233814781998,-76.94214315112623,7,98,17:46:14
298,1492af36de54453fc77dd88b5d7e13e4636d08ef916c1c286be76392c16a8ed3,2018-02-09,38.99233814781998,-76.94214315112623,7,98,17:46:36
299,1492af36de54453fc77dd88b5d7e13e4636d08ef916c1c286be76392c16a8ed3,2018-02-09,38.99233814781998,-76.94214315112623,7,98,17:46:44
300,1492af36de54453fc77dd88b5d7e13e4636d08ef916c1c286be76392c16a8ed3,2018-02-09,38.99233814781998,-76.94214315112623,7,98,17:47:15
301,1492af36de54453fc77dd88b5d7e13e4636d08ef916c1c286be76392c16a8ed3,2018-02-09,38.99233814781998,-76.94214315112623,7,98,17:47:45
302,1492af36de54453fc77dd88b5d7e13e4636d08ef916c1c286be76392c16a8ed3,2018-02-09,38.99233814781998,-76.94214315112623,7,98,17:47:50
303,1492af36de54453fc77dd88b5d7e13e4636d08ef916c1c286be76392c16a8ed3,2018-02-09,38.99233814781998,-76.94214315112623,7,98,17:48:15
304,1492af36de54453fc77dd88b5d7e13e4636d08ef916c1c286be76392c16a8ed3,2018-02-09,38.99233814781998,-76.94214315112623,7,98,17:48:45
305,1492af36de54453fc77dd88b5d7e13e4636d08ef916c1c286be76392c16a8ed3,2018-02-09,38.99233814781998,-76.94214315112623,7,98,17:49:15
306,1492af36de54453fc77dd88b5d7e13e4636d08ef916c1c286be76392c16a8ed3,2018-02-09,38.99233814781998,-76.94214315112623,7,98,17:49:46
307,1492af36de54453fc77dd88b5d7e13e4636d08ef916c1c286be76392c16a8ed3,2018-02-09,38.99233814781998,-76.94214315112623,7,98,17:49:55
308,1492af36de54453fc77dd88b5d7e13e4636d08ef916c1c286be76392c16a8ed3,2018-02-09,38.99233814781998,-76.94214315112623,7,98,17:50:16
309,1492af36de54453fc77dd88b5d7e13e4636d08ef916c1c286be76392c16a8ed3,2018-02-09,38.99233814781998,-76.94214315112623,7,98,17:50:46
310,1492af36de54453fc77dd88b5d7e13e4636d08ef916c1c286be76392c16a8ed3,2018-02-09,38.99233814781998,-76.94214315112623,7,98,17:50:56
311,1492af36de54453fc77dd88b5d7e13e4636d08ef916c1c286be76392c16a8ed3,2018-02-09,38.99233814781998,-76.94214315112623,7,98,17:51:16
312,1492af36de54453fc77dd88b5d7e13e4636d08ef916c1c286be76392c16a8ed3,2018-02-09,38.99233814781998,-76.94214315112623,7,98,17:51:47
313,1492af36de54453fc77dd88b5d7e13e4636d08ef916c1c286be76392c16a8ed3,2018-02-09,38.99233814781998,-76.94214315112623,7,98,17:52:45
314,1492af36de54453fc77dd88b5d7e13e4636d08ef916c1c286be76392c16a8ed3,2018-02-09,38.99233814781998,-76.94214315112623,7,98,17:52:46
315,1492af36de54453fc77dd88b5d7e13e4636d08ef916c1c286be76392c16a8ed3,2018-02-09,38.99232153602164,-76.94211627929063,7,98,17:53:18
316,1492af36de54453fc77dd88b5d7e13e4636d08ef916c1c286be76392c16a8ed3,2018-02-09,38.99232153602164,-76.94211627929063,7,98,17:53:48
317,1492af36de54453fc77dd88b5d7e13e4636d08ef916c1c286be76392c16a8ed3,2018-02-09,38.99232153602164,-76.94211627929063,7,98,17:54:01
318,1492af36de54453fc77dd88b5d7e13e4636d08ef916c1c286be76392c16a8ed3,2018-02-09,38.99232153602164,-76.94211627929063,7,98,17:54:19
319,1492af36de54453fc77dd88b5d7e13e4636d08ef916c1c286be76392c16a8ed3,2018-02-09,38.99232153602164,-76.94211627929063,7,98,17:54:45
320,1492af36de54453fc77dd88b5d7e13e4636d08ef916c1c286be76392c16a8ed3,2018-02-09,38.99232153602164,-76.94211627929063,7,98,17:54:49
321,1492af36de54453fc77dd88b5d7e13e4636d08ef916c1c286be76392c16a8ed3,2018-02-09,38.99232153602164,-76.94211627929063,7,98,17:55:22
322,1492af36de54453fc77dd88b5d7e13e4636d08ef916c1c286be76392c16a8ed3,2018-02-09,38.99232153602164,-76.94211627929063,7,98,17:55:40
323,1492af36de54453fc77dd88b5d7e13e4636d08ef916c1c286be76392c16a8ed3,2018-02-09,38.99232153602164,-76.94211627929063,7,98,17:55:52
324,1492af36de54453fc77dd88b5d7e13e4636d08ef916c1c286be76392c16a8ed3,2018-02-09,38.99232153602164,-76.94211627929063,7,98,17:56:22
325,1492af36de54453fc77dd88b5d7e13e4636d08ef916c1c286be76392c16a8ed3,2018-02-09,38.99232153602164,-76.94211627929063,7,98,17:56:34
326,1492af36de54453fc77dd88b5d7e13e4636d08ef916c1c286be76392c16a8ed3,2018-02-09,38.99232153602164,-76.94211627929063,7,98,17:56:52
327,1492af36de54453fc77dd88b5d7e13e4636d08ef916c1c286be76392c16a8ed3,2018-02-09,38.99232153602164,-76.94211627929063,7,98,17:57:22
328,1492af36de54453fc77dd88b5d7e13e4636d08ef916c1c286be76392c16a8ed3,2018-02-09,38.99232153602164,-76.94211627929063,7,98,17:57:26
329,1492af36de54453fc77dd88b5d7e13e4636d08ef916c1c286be76392c16a8ed3,2018-02-09,38.99232153602164,-76.94211627929063,7,98,17:57:52
330,1492af36de54453fc77dd88b5d7e13e4636d08ef916c1c286be76392c16a8ed3,2018-02-09,38.99232153602164,-76.94211627929063,7,98,17:57:59
331,1492af36de54453fc77dd88b5d7e13e4636d08ef916c1c286be76392c16a8ed3,2018-02-09,38.99232153602164,-76.94211627929063,7,98,17:58:22
332,1492af36de54453fc77dd88b5d7e13e4636d08ef916c1c286be76392c16a8ed3,2018-02-09,38.99232153602164,-76.94211627929063,7,98,17:58:44
333,1492af36de54453fc77dd88b5d7e13e4636d08ef916c1c286be76392c16a8ed3,2018-02-09,38.99232153602164,-76.94211627929063,7,98,17:58:52
334,1492af36de54453fc77dd88b5d7e13e4636d08ef916c1c286be76392c16a8ed3,2018-02-09,38.99232153602164,-76.94211627929063,7,98,17:59:22
335,1492af36de54453fc77dd88b5d7e13e4636d08ef916c1c286be76392c16a8ed3,2018-02-09,38.99232153602164,-76.94211627929063,7,98,17:59:52
336,cb20c2ad84d7a2643ee83c96bb22bb7c04563cc576a8af7e1f1ad6fb5d0e5c8b,2018-02-09,38.99038647350047,-76.93634187787602,4,115,17:00:48
337,cb20c2ad84d7a2643ee83c96bb22bb7c04563cc576a8af7e1f1ad6fb5d0e5c8b,2018-02-09,38.99038651546382,-76.93634199943936,4,115,17:00:48
338,cb20c2ad84d7a2643ee83c96bb22bb7c04563cc576a8af7e1f1ad6fb5d0e5c8b,2018-02-09,38.99038651546382,-76.93634199943936,4,115,17:01:48
340,cb20c2ad84d7a2643ee83c96bb22bb7c04563cc576a8af7e1f1ad6fb5d0e5c8b,2018-02-09,38.99038651546382,-76.93634199943936,4,115,17:02:50
341,cb20c2ad84d7a2643ee83c96bb22bb7c04563cc576a8af7e1f1ad6fb5d0e5c8b,2018-02-09,38.99036874558317,-76.93628707912465,4,115,17:02:50
342,cb20c2ad84d7a2643ee83c96bb22bb7c04563cc576a8af7e1f1ad6fb5d0e5c8b,2018-02-09,38.99036874558317,-76.93628707912465,4,115,17:03:21
343,cb20c2ad84d7a2643ee83c96bb22bb7c04563cc576a8af7e1f1ad6fb5d0e5c8b,2018-02-09,38.99034990571847,-76.9363495235295,4,115,17:03:23
344,cb20c2ad84d7a2643ee83c96bb22bb7c04563cc576a8af7e1f1ad6fb5d0e5c8b,2018-02-09,38.99037094275443,-76.93635074699442,4,115,17:08:54
351,cb20c2ad84d7a2643ee83c96bb22bb7c04563cc576a8af7e1f1ad6fb5d0e5c8b,2018-02-09,38.990351363656345,-76.93636412918147,4,115,17:08:54
352,cb20c2ad84d7a2643ee83c96bb22bb7c04563cc576a8af7e1f1ad6fb5d0e5c8b,2018-02-09,38.990356594893605,-76.93633758612272,4,115,17:08:54
354,cb20c2ad84d7a2643ee83c96bb22bb7c04563cc576a8af7e1f1ad6fb5d0e5c8b,2018-02-09,38.990360544382966,-76.93639214580311,4,115,17:13:36
359,cb20c2ad84d7a2643ee83c96bb22bb7c04563cc576a8af7e1f1ad6fb5d0e5c8b,2018-02-09,38.99036633346604,-76.93636118599835,4,115,17:13:36
363,cb20c2ad84d7a2643ee83c96bb22bb7c04563cc576a8af7e1f1ad6fb5d0e5c8b,2018-02-09,38.99033639691077,-76.93638319106849,4,115,17:16:08
369,cb20c2ad84d7a2643ee83c96bb22bb7c04563cc576a8af7e1f1ad6fb5d0e5c8b,2018-02-09,38.9903646982108,-76.93638539706943,4,115,17:18:09
372,cb20c2ad84d7a2643ee83c96bb22bb7c04563cc576a8af7e1f1ad6fb5d0e5c8b,2018-02-09,38.99036999460485,-76.93627196106465,4,115,17:20:40
373,cb20c2ad84d7a2643ee83c96bb22bb7c04563cc576a8af7e1f1ad6fb5d0e5c8b,2018-02-09,38.99037934188702,-76.93632695881337,4,115,17:20:40
376,cb20c2ad84d7a2643ee83c96bb22bb7c04563cc576a8af7e1f1ad6fb5d0e5c8b,2018-02-09,38.9903920539976,-76.93637318699227,3,115,17:18:09
378,cb20c2ad84d7a2643ee83c96bb22bb7c04563cc576a8af7e1f1ad6fb5d0e5c8b,2018-02-09,38.99035033019421,-76.93631075780804,4,115,17:23:08
381,cb20c2ad84d7a2643ee83c96bb22bb7c04563cc576a8af7e1f1ad6fb5d0e5c8b,2018-02-09,38.99034109115696,-76.93634439748173,4,115,17:23:08
382,cb20c2ad84d7a2643ee83c96bb22bb7c04563cc576a8af7e1f1ad6fb5d0e5c8b,2018-02-09,38.99034109115696,-76.93634439748173,4,115,17:25:40
386,cb20c2ad84d7a2643ee83c96bb22bb7c04563cc576a8af7e1f1ad6fb5d0e5c8b,2018-02-09,38.99034481684614,-76.93634997232107,4,115,17:25:41
387,cb20c2ad84d7a2643ee83c96bb22bb7c04563cc576a8af7e1f1ad6fb5d0e5c8b,2018-02-09,38.99034275617276,-76.93634269409144,4,115,17:28:10
388,cb20c2ad84d7a2643ee83c96bb22bb7c04563cc576a8af7e1f1ad6fb5d0e5c8b,2018-02-09,38.99033864688922,-76.93631720039437,4,115,17:28:10
392,cb20c2ad84d7a2643ee83c96bb22bb7c04563cc576a8af7e1f1ad6fb5d0e5c8b,2018-02-09,38.99039258844196,-76.93636623429411,4,115,17:30:41
393,cb20c2ad84d7a2643ee83c96bb22bb7c04563cc576a8af7e1f1ad6fb5d0e5c8b,2018-02-09,38.99037025384124,-76.9363601459605,4,115,17:30:41
397,cb20c2ad84d7a2643ee83c96bb22bb7c04563cc576a8af7e1f1ad6fb5d0e5c8b,2018-02-09,38.990392589011776,-76.93636623106964,4,115,17:30:41
398,cb20c2ad84d7a2643ee83c96bb22bb7c04563cc576a8af7e1f1ad6fb5d0e5c8b,2018-02-09,38.99036771657613,-76.93636967505964,4,115,17:32:42
401,cb20c2ad84d7a2643ee83c96bb22bb7c04563cc576a8af7e1f1ad6fb5d0e5c8b,2018-02-09,38.99037193209425,-76.9363586474195,4,115,17:34:42
404,cb20c2ad84d7a2643ee83c96bb22bb7c04563cc576a8af7e1f1ad6fb5d0e5c8b,2018-02-09,38.990360544382966,-76.93639214580311,4,115,17:32:42
405,cb20c2ad84d7a2643ee83c96bb22bb7c04563cc576a8af7e1f1ad6fb5d0e5c8b,2018-02-09,38.99039503688415,-76.93629940651941,4,115,17:34:42
406,cb20c2ad84d7a2643ee83c96bb22bb7c04563cc576a8af7e1f1ad6fb5d0e5c8b,2018-02-09,38.99039503688415,-76.93629940651941,4,115,17:36:42
409,cb20c2ad84d7a2643ee83c96bb22bb7c04563cc576a8af7e1f1ad6fb5d0e5c8b,2018-02-09,38.99037828602835,-76.93629273517155,4,115,17:38:43
413,cb20c2ad84d7a2643ee83c96bb22bb7c04563cc576a8af7e1f1ad6fb5d0e5c8b,2018-02-09,38.99036053547457,-76.93639208650589,4,115,17:38:43
414,cb20c2ad84d7a2643ee83c96bb22bb7c04563cc576a8af7e1f1ad6fb5d0e5c8b,2018-02-09,38.990382687457426,-76.93638613469125,4,115,17:40:32
417,cb20c2ad84d7a2643ee83c96bb22bb7c04563cc576a8af7e1f1ad6fb5d0e5c8b,2018-02-09,38.99035465199842,-76.93629092058809,4,115,17:43:43
419,cb20c2ad84d7a2643ee83c96bb22bb7c04563cc576a8af7e1f1ad6fb5d0e5c8b,2018-02-09,38.9903511766622,-76.93630068150004,4,115,17:43:43
422,cb20c2ad84d7a2643ee83c96bb22bb7c04563cc576a8af7e1f1ad6fb5d0e5c8b,2018-02-09,38.99039135696703,-76.93637723887343,4,115,17:40:32
424,cb20c2ad84d7a2643ee83c96bb22bb7c04563cc576a8af7e1f1ad6fb5d0e5c8b,2018-02-09,38.990358954580906,-76.9363150085421,4,115,17:45:13
426,cb20c2ad84d7a2643ee83c96bb22bb7c04563cc576a8af7e1f1ad6fb5d0e5c8b,2018-02-09,38.99037542186819,-76.93635032261173,4,115,17:46:44
430,cb20c2ad84d7a2643ee83c96bb22bb7c04563cc576a8af7e1f1ad6fb5d0e5c8b,2018-02-09,38.9903511766622,-76.93630068150004,4,115,17:48:14
432,cb20c2ad84d7a2643ee83c96bb22bb7c04563cc576a8af7e1f1ad6fb5d0e5c8b,2018-02-09,38.990356263477906,-76.93628320156618,4,115,17:50:13
436,cb20c2ad84d7a2643ee83c96bb22bb7c04563cc576a8af7e1f1ad6fb5d0e5c8b,2018-02-09,38.99035795650171,-76.93635577592859,4,115,17:50:13
437,cb20c2ad84d7a2643ee83c96bb22bb7c04563cc576a8af7e1f1ad6fb5d0e5c8b,2018-02-09,38.990372995578745,-76.9362518410093,4,115,17:52:13
440,cb20c2ad84d7a2643ee83c96bb22bb7c04563cc576a8af7e1f1ad6fb5d0e5c8b,2018-02-09,38.990362213452265,-76.93632623945271,4,115,17:53:47
442,cb20c2ad84d7a2643ee83c96bb22bb7c04563cc576a8af7e1f1ad6fb5d0e5c8b,2018-02-09,38.99038097916159,-76.93629266161281,4,115,17:52:13
444,cb20c2ad84d7a2643ee83c96bb22bb7c04563cc576a8af7e1f1ad6fb5d0e5c8b,2018-02-09,38.99035136319386,-76.93636412741397,4,115,17:55:16
447,cb20c2ad84d7a2643ee83c96bb22bb7c04563cc576a8af7e1f1ad6fb5d0e5c8b,2018-02-09,38.99035136319386,-76.93636412741397,4,115,17:55:23
